filename,language,blob_count,blob_rects,full_path
photo_654@09-07-2019_17-14-13.jpg,English,0,[],Static/Meme/English/photo_654@09-07-2019_17-14-13.jpg
100t.png,English,1,"[(0, 0, 535, 437)]",Static/Meme/English/100t.png
1063.png,English,1,"[(6, 522, 293, 256)]",Static/Meme/English/1063.png
1067t.png,English,1,"[(0, 0, 512, 720)]",Static/Meme/English/1067t.png
1075t.png,English,1,"[(82, 2, 98, 98)]",Static/Meme/English/1075t.png
1099t.png,English,1,"[(152, 37, 147, 172)]",Static/Meme/English/1099t.png
1134t.png,English,1,"[(108, 63, 143, 225)]",Static/Meme/English/1134t.png
1174.png,English,1,"[(627, 194, 125, 223)]",Static/Meme/English/1174.png
118.png,English,1,"[(198, 376, 228, 249)]",Static/Meme/English/118.png
1192t.png,English,1,"[(151, 60, 148, 146)]",Static/Meme/English/1192t.png
1216t.png,English,1,"[(184, 241, 112, 111)]",Static/Meme/English/1216t.png
122.png,English,1,"[(598, 414, 149, 150)]",Static/Meme/English/122.png
1265.png,English,1,"[(227, 352, 231, 159)]",Static/Meme/English/1265.png
1273t.png,English,1,"[(0, 0, 600, 541)]",Static/Meme/English/1273t.png
149t.png,English,1,"[(133, 371, 337, 337)]",Static/Meme/English/149t.png
1612t.png,English,1,"[(224, 39, 351, 431)]",Static/Meme/English/1612t.png
1687t.png,English,1,"[(445, 75, 126, 141)]",Static/Meme/English/1687t.png
1719.png,English,1,"[(71, 47, 219, 396)]",Static/Meme/English/1719.png
1839t.png,English,1,"[(0, 0, 832, 832)]",Static/Meme/English/1839t.png
1846t.png,English,1,"[(0, 0, 832, 832)]",Static/Meme/English/1846t.png
1854t.png,English,1,"[(260, 31, 247, 244)]",Static/Meme/English/1854t.png
1855t.png,English,1,"[(556, 75, 282, 189)]",Static/Meme/English/1855t.png
1856.png,English,1,"[(446, 71, 348, 309)]",Static/Meme/English/1856.png
1940t.png,English,1,"[(18, 342, 231, 139)]",Static/Meme/English/1940t.png
2477t.png,English,1,"[(18, 309, 182, 113)]",Static/Meme/English/2477t.png
2511.png,English,1,"[(138, 148, 249, 277)]",Static/Meme/English/2511.png
2612.png,English,1,"[(229, 84, 185, 176)]",Static/Meme/English/2612.png
2983.png,English,1,"[(34, 69, 521, 457)]",Static/Meme/English/2983.png
3055.png,English,1,"[(0, 197, 231, 276)]",Static/Meme/English/3055.png
310t.png,English,1,"[(0, 0, 403, 403)]",Static/Meme/English/310t.png
328t.png,English,1,"[(142, 37, 251, 369)]",Static/Meme/English/328t.png
346.png,English,1,"[(366, 354, 58, 54)]",Static/Meme/English/346.png
370t.png,English,1,"[(0, 0, 403, 403)]",Static/Meme/English/370t.png
427t.png,English,1,"[(522, 170, 415, 204)]",Static/Meme/English/427t.png
506t.png,English,1,"[(436, 332, 272, 242)]",Static/Meme/English/506t.png
526t.png,English,1,"[(278, 94, 134, 142)]",Static/Meme/English/526t.png
662t.png,English,1,"[(320, 100, 215, 170)]",Static/Meme/English/662t.png
666t.png,English,1,"[(215, 17, 200, 193)]",Static/Meme/English/666t.png
699t.png,English,1,"[(221, 0, 360, 287)]",Static/Meme/English/699t.png
784.png,English,1,"[(324, 176, 248, 261)]",Static/Meme/English/784.png
828t.png,English,1,"[(0, 129, 405, 362)]",Static/Meme/English/828t.png
845t.png,English,1,"[(0, 0, 763, 623)]",Static/Meme/English/845t.png
853t.png,English,1,"[(195, 158, 139, 132)]",Static/Meme/English/853t.png
960t.png,English,1,"[(156, 0, 477, 383)]",Static/Meme/English/960t.png
980.png,English,1,"[(127, 44, 68, 66)]",Static/Meme/English/980.png
984t.png,English,1,"[(287, 110, 95, 102)]",Static/Meme/English/984t.png
997t.png,English,1,"[(175, 90, 271, 94)]",Static/Meme/English/997t.png
-57b7bfe2727d1-design.jpg,English,1,"[(26, 141, 566, 389)]",Static/Meme/English/-57b7bfe2727d1-design.jpg
100-layers-of-clickbait-57b76ca8376f3-design.jpg,English,1,"[(8, 35, 456, 255)]",Static/Meme/English/100-layers-of-clickbait-57b76ca8376f3-design.jpg
100-years-57b7bdd1aeedf-design.jpg,English,1,"[(278, 128, 256, 409)]",Static/Meme/English/100-years-57b7bdd1aeedf-design.jpg
1st-place-stupid-mf-64b2a6538e7b8-design.jpg,English,1,"[(48, 196, 670, 468)]",Static/Meme/English/1st-place-stupid-mf-64b2a6538e7b8-design.jpg
20-dollar-bill-57bad0659f259-design.jpg,English,1,"[(210, 89, 218, 274)]",Static/Meme/English/20-dollar-bill-57bad0659f259-design.jpg
3-inch-mark-591653eb17b2e-design.jpg,English,1,"[(0, 238, 960, 671)]",Static/Meme/English/3-inch-mark-591653eb17b2e-design.jpg
3-incorrect-password-attempts-5872b8a59efc8-design.jpg,English,1,"[(0, 0, 500, 491)]",Static/Meme/English/3-incorrect-password-attempts-5872b8a59efc8-design.jpg
45th-president-5886c0ea9b164-design.jpg,English,1,"[(138, 226, 650, 545)]",Static/Meme/English/45th-president-5886c0ea9b164-design.jpg
a-beautiful-picture-585dbba4d0740-design.jpg,English,1,"[(0, 0, 640, 320)]",Static/Meme/English/a-beautiful-picture-585dbba4d0740-design.jpg
a-better-way-to-spend-your-money-59ca32373bef5-design.jpg,English,1,"[(242, 145, 204, 221)]",Static/Meme/English/a-better-way-to-spend-your-money-59ca32373bef5-design.jpg
a-human-581a111b8ccf7-design.jpg,English,1,"[(398, 46, 146, 332)]",Static/Meme/English/a-human-581a111b8ccf7-design.jpg
a-meme-bo-59497962cc80c-design.jpg,English,1,"[(34, 318, 462, 406)]",Static/Meme/English/a-meme-bo-59497962cc80c-design.jpg
a-new-foe-has-appeared-57b26de68900b-design.jpg,English,1,"[(453, 168, 167, 118)]",Static/Meme/English/a-new-foe-has-appeared-57b26de68900b-design.jpg
a-special-pose-582d8e68a8106-design.jpg,English,1,"[(73, 68, 771, 470)]",Static/Meme/English/a-special-pose-582d8e68a8106-design.jpg
add-me-on-kik-57cb543d8b4c3-design.jpg,English,1,"[(140, 110, 172, 159)]",Static/Meme/English/add-me-on-kik-57cb543d8b4c3-design.jpg
aku-looking-through-the-crack-591b897a3a735-design.jpg,English,1,"[(308, 160, 160, 234)]",Static/Meme/English/aku-looking-through-the-crack-591b897a3a735-design.jpg
all-races-human-being-57e18d8d1acc8-design.jpg,English,1,"[(28, 231, 640, 436)]",Static/Meme/English/all-races-human-being-57e18d8d1acc8-design.jpg
allah-5902994b388b9-design.jpg,English,1,"[(36, 23, 158, 155)]",Static/Meme/English/allah-5902994b388b9-design.jpg
and-then-theres-me-57f566442e7d3-design.jpg,English,1,"[(174, 305, 222, 185)]",Static/Meme/English/and-then-theres-me-57f566442e7d3-design.jpg
answer-me-57ba03c3d0c42-design.jpg,English,1,"[(0, 0, 1242, 1306)]",Static/Meme/English/answer-me-57ba03c3d0c42-design.jpg
anus-597ad8f94b8bd-design.jpg,English,1,"[(103, 248, 337, 267)]",Static/Meme/English/anus-597ad8f94b8bd-design.jpg
art-59d7152121638-design.jpg,English,1,"[(358, 434, 250, 264)]",Static/Meme/English/art-59d7152121638-design.jpg
as-if-he-came-out-of-a-painting-58769711d977e-design.jpg,English,1,"[(0, 639, 900, 261)]",Static/Meme/English/as-if-he-came-out-of-a-painting-58769711d977e-design.jpg
auto-correct-57fe008d0e85c-design.jpg,English,1,"[(50, 72, 92, 102)]",Static/Meme/English/auto-correct-57fe008d0e85c-design.jpg
awakening-57e1478c7336f-design.jpg,English,1,"[(12, 10, 776, 782)]",Static/Meme/English/awakening-57e1478c7336f-design.jpg
bae-57b38c4d4c4c8-design.jpg,English,1,"[(572, 453, 140, 135)]",Static/Meme/English/bae-57b38c4d4c4c8-design.jpg
bamf-5950df4c9526c-design.jpg,English,1,"[(10, 83, 480, 251)]",Static/Meme/English/bamf-5950df4c9526c-design.jpg
banned-57f2ae4db6f4d-design.jpg,English,1,"[(0, 331, 422, 317)]",Static/Meme/English/banned-57f2ae4db6f4d-design.jpg
before-and-after-57b7fcafc1ad4-design.jpg,English,1,"[(310, 225, 290, 276)]",Static/Meme/English/before-and-after-57b7fcafc1ad4-design.jpg
big-image-57b20c23c25de-design.jpg,English,1,"[(0, 0, 790, 790)]",Static/Meme/English/big-image-57b20c23c25de-design.jpg
bigfoot-discoveries-to-date-57c34b49ac193-design.jpg,English,1,"[(415, 414, 324, 278)]",Static/Meme/English/bigfoot-discoveries-to-date-57c34b49ac193-design.jpg
bike-seat-57b5e7468e6ac-design.jpg,English,1,"[(408, 115, 296, 274)]",Static/Meme/English/bike-seat-57b5e7468e6ac-design.jpg
breadsquirt-5850e390a0775-design.jpg,English,1,"[(192, 165, 480, 335)]",Static/Meme/English/breadsquirt-5850e390a0775-design.jpg
bright-smile-57b1cf2c1625f-design.jpg,English,1,"[(310, 159, 376, 347)]",Static/Meme/English/bright-smile-57b1cf2c1625f-design.jpg
call-police-59818ed38aa3d-design.jpg,English,1,"[(26, 373, 584, 267)]",Static/Meme/English/call-police-59818ed38aa3d-design.jpg
chatcat-57e5e60ee0dcb-design.jpg,English,1,"[(182, 17, 340, 254)]",Static/Meme/English/chatcat-57e5e60ee0dcb-design.jpg
chatroulette-58c265bfbff6f-design.jpg,English,1,"[(18, 350, 320, 240)]",Static/Meme/English/chatroulette-58c265bfbff6f-design.jpg
cheese-57b748f7152e0-design.jpg,English,1,"[(0, 0, 638, 482)]",Static/Meme/English/cheese-57b748f7152e0-design.jpg
cnn-facebook-killer-58f49be6250f1-design.jpg,English,1,"[(34, 82, 134, 166)]",Static/Meme/English/cnn-facebook-killer-58f49be6250f1-design.jpg
cute-delivery-driver-57bb319b94388-design.jpg,English,1,"[(28, 424, 1832, 1316)]",Static/Meme/English/cute-delivery-driver-57bb319b94388-design.jpg
dark-magician-57f6489407539-design.jpg,English,1,"[(106, 222, 530, 536)]",Static/Meme/English/dark-magician-57f6489407539-design.jpg
demon-days-57b22978a6a3d-design.jpg,English,1,"[(865, 809, 462, 490)]",Static/Meme/English/demon-days-57b22978a6a3d-design.jpg
dermatologists-hate-57b356d55cab9-design.jpg,English,1,"[(69, 34, 450, 551)]",Static/Meme/English/dermatologists-hate-57b356d55cab9-design.jpg
dermatologists-hate-him-57b725b4201d1-design.jpg,English,1,"[(3, 80, 206, 188)]",Static/Meme/English/dermatologists-hate-him-57b725b4201d1-design.jpg
destroyer-of-anime-57e5da4858147-design.jpg,English,1,"[(0, 0, 97, 218)]",Static/Meme/English/destroyer-of-anime-57e5da4858147-design.jpg
didnt-join-the-us-army-for-this-592f36ac1e931-design.jpg,English,1,"[(168, 531, 250, 257)]",Static/Meme/English/didnt-join-the-us-army-for-this-592f36ac1e931-design.jpg
dinosaur-57dc1601202f0-design.jpg,English,1,"[(22, 99, 472, 251)]",Static/Meme/English/dinosaur-57dc1601202f0-design.jpg
dios-manhole-57f47027e353f-design.jpg,English,1,"[(288, 1330, 728, 569)]",Static/Meme/English/dios-manhole-57f47027e353f-design.jpg
dont-even-look-at-me-57b9ef8e93998-design.jpg,English,1,"[(18, 236, 594, 351)]",Static/Meme/English/dont-even-look-at-me-57b9ef8e93998-design.jpg
dora-the-explorer-57c08d9b2814a-design.jpg,English,1,"[(464, 243, 482, 661)]",Static/Meme/English/dora-the-explorer-57c08d9b2814a-design.jpg
dream-man-57e2bb0ad57f9-design.jpg,English,1,"[(382, 2, 258, 472)]",Static/Meme/English/dream-man-57e2bb0ad57f9-design.jpg
driving-down-road-and-see-this-58dfd1db800e4-design.jpg,English,1,"[(368, 290, 374, 282)]",Static/Meme/English/driving-down-road-and-see-this-58dfd1db800e4-design.jpg
f6a1fb813e12d569da5bb9d7057fdb74.jpg,English,1,"[(426, 1, 152, 146)]",Static/Meme/English/f6a1fb813e12d569da5bb9d7057fdb74.jpg
face-of-the-devil-57b8fe94f1958-design.jpg,English,1,"[(70, 176, 168, 192)]",Static/Meme/English/face-of-the-devil-57b8fe94f1958-design.jpg
feels-guy-mask-582eab07da9fe-design.jpg,English,1,"[(212, 91, 166, 215)]",Static/Meme/English/feels-guy-mask-582eab07da9fe-design.jpg
fine-5879e1df28ba1-design.jpg,English,1,"[(282, 110, 152, 150)]",Static/Meme/English/fine-5879e1df28ba1-design.jpg
glwrh086sft91.jpg,English,1,"[(12, 113, 498, 362)]",Static/Meme/English/glwrh086sft91.jpg
go-into-basement-57b69dde548fe-design.jpg,English,1,"[(0, 0, 750, 450)]",Static/Meme/English/go-into-basement-57b69dde548fe-design.jpg
going2bebeautifulteen-57b1e8addac5b-design.jpg,English,1,"[(242, 549, 396, 276)]",Static/Meme/English/going2bebeautifulteen-57b1e8addac5b-design.jpg
good-57d883d8d2959-design.jpg,English,1,"[(88, 328, 204, 280)]",Static/Meme/English/good-57d883d8d2959-design.jpg
good-fucking-food-59b565ba3a2bb-design.jpg,English,1,"[(0, 0, 750, 420)]",Static/Meme/English/good-fucking-food-59b565ba3a2bb-design.jpg
goodbye-chao-57b6198a920ed-design.jpg,English,1,"[(110, 130, 727, 516)]",Static/Meme/English/goodbye-chao-57b6198a920ed-design.jpg
google-quick-draw-5946c18ed226b-design.jpg,English,1,"[(137, 852, 810, 568)]",Static/Meme/English/google-quick-draw-5946c18ed226b-design.jpg
goth-59c7db35d5dc0-design.jpg,English,1,"[(494, 202, 442, 510)]",Static/Meme/English/goth-59c7db35d5dc0-design.jpg
graffiti-57bbc1080ca2c-design.jpg,English,1,"[(134, 114, 178, 180)]",Static/Meme/English/graffiti-57bbc1080ca2c-design.jpg
grandfather-57c25c9e5096a-design.jpg,English,1,"[(300, 148, 296, 391)]",Static/Meme/English/grandfather-57c25c9e5096a-design.jpg
greatest-anime-crossover-594cb62306c4c-design.jpg,English,1,"[(58, 56, 88, 52)]",Static/Meme/English/greatest-anime-crossover-594cb62306c4c-design.jpg
guy-pointing-gun-at-laptop-59c363e509969-design.jpg,English,1,"[(54, 13, 274, 174)]",Static/Meme/English/guy-pointing-gun-at-laptop-59c363e509969-design.jpg
hair-like-this-57d9c2e06a094-design.jpg,English,1,"[(10, 232, 232, 123)]",Static/Meme/English/hair-like-this-57d9c2e06a094-design.jpg
happy-birthday-twoot-59a3351811e0c-design.jpg,English,1,"[(212, 151, 744, 422)]",Static/Meme/English/happy-birthday-twoot-59a3351811e0c-design.jpg
harambepost-57bbe130ba8a7-design.jpg,English,1,"[(36, 175, 528, 467)]",Static/Meme/English/harambepost-57bbe130ba8a7-design.jpg
harry-shitposter-57b9788d1baae-design.jpg,English,1,"[(74, 592, 382, 345)]",Static/Meme/English/harry-shitposter-57b9788d1baae-design.jpg
heaviest-object-58ce3e538687b-design.jpg,English,1,"[(688, 2, 250, 107)]",Static/Meme/English/heaviest-object-58ce3e538687b-design.jpg
hillary-tweet-57f8f4d99f6a8-design.jpg,English,1,"[(20, 164, 592, 391)]",Static/Meme/English/hillary-tweet-57f8f4d99f6a8-design.jpg
hold-y-to-meme-59b2044a6d7d5-design.jpg,English,1,"[(0, 0, 792, 614)]",Static/Meme/English/hold-y-to-meme-59b2044a6d7d5-design.jpg
hospital-57c0c1619f792-design.jpg,English,1,"[(120, 107, 214, 169)]",Static/Meme/English/hospital-57c0c1619f792-design.jpg
hottest-objects-in-the-universe-58e9de839bbc7-design.jpg,English,1,"[(288, 471, 236, 236)]",Static/Meme/English/hottest-objects-in-the-universe-58e9de839bbc7-design.jpg
how-many-until-it-stops-57e1f212189f6-design.jpg,English,1,"[(358, 409, 324, 311)]",Static/Meme/English/how-many-until-it-stops-57e1f212189f6-design.jpg
humans-1000-years-57c694afe74c8-design.jpg,English,1,"[(170, 271, 406, 302)]",Static/Meme/English/humans-1000-years-57c694afe74c8-design.jpg
i-couldve-been-an-artist-57dab92d7402f-design.jpg,English,1,"[(16, 160, 330, 331)]",Static/Meme/English/i-couldve-been-an-artist-57dab92d7402f-design.jpg
i-did-not-mean-to-57bc811a34b5b-design.jpg,English,1,"[(80, 169, 508, 324)]",Static/Meme/English/i-did-not-mean-to-57bc811a34b5b-design.jpg
i-didnt-know-i-was-pregnant-57f525e66d9ab-design.jpg,English,1,"[(3, 5, 953, 544)]",Static/Meme/English/i-didnt-know-i-was-pregnant-57f525e66d9ab-design.jpg
i-found-this-in-my-happy-meal-58361f670fa62-design.jpg,English,1,"[(14, 162, 472, 373)]",Static/Meme/English/i-found-this-in-my-happy-meal-58361f670fa62-design.jpg
i-got-hugged-by-a-girl-587a71414c8bd-design.jpg,English,1,"[(4, 5, 734, 405)]",Static/Meme/English/i-got-hugged-by-a-girl-587a71414c8bd-design.jpg
i-want-a-bodypillow-of-this-57b65ffa959e4-design.jpg,English,1,"[(0, 66, 504, 490)]",Static/Meme/English/i-want-a-bodypillow-of-this-57b65ffa959e4-design.jpg
i-will-pretend-to-be-your-bf-59993ab8996a7-design.jpg,English,1,"[(28, 180, 652, 432)]",Static/Meme/English/i-will-pretend-to-be-your-bf-59993ab8996a7-design.jpg
id-put-a-ring-on-it-jontron-57e2c3bdbdbd8-design.jpg,English,1,"[(146, 17, 268, 196)]",Static/Meme/English/id-put-a-ring-on-it-jontron-57e2c3bdbdbd8-design.jpg
ideal-male-body-5848761a70d9a-design.jpg,English,1,"[(20, 144, 458, 377)]",Static/Meme/English/ideal-male-body-5848761a70d9a-design.jpg
if-this-were-your-son-57b1d58660b92-design.jpg,English,1,"[(0, 100, 569, 513)]",Static/Meme/English/if-this-were-your-son-57b1d58660b92-design.jpg
illegal-smuggled-photo-58792a4944928-design.jpg,English,1,"[(0, 0, 229, 152)]",Static/Meme/English/illegal-smuggled-photo-58792a4944928-design.jpg
im-a-gamer-58f1110907833-design.jpg,English,1,"[(26, 528, 548, 449)]",Static/Meme/English/im-a-gamer-58f1110907833-design.jpg
im-a-gamer-and-im-here-to-help-589ab2c1213e6-design.jpg,English,1,"[(316, 35, 252, 261)]",Static/Meme/English/im-a-gamer-and-im-here-to-help-589ab2c1213e6-design.jpg
imagine-no-religion-585932b4d5e99-design.jpg,English,1,"[(0, 183, 793, 421)]",Static/Meme/English/imagine-no-religion-585932b4d5e99-design.jpg
in-the-club-and-this-guy-slaps-58290a381e51f-design.jpg,English,1,"[(28, 179, 444, 457)]",Static/Meme/English/in-the-club-and-this-guy-slaps-58290a381e51f-design.jpg
inappropriate-man-596284e574c7a-design.jpg,English,1,"[(232, 149, 244, 387)]",Static/Meme/English/inappropriate-man-596284e574c7a-design.jpg
inside-attackers-apartment-581fafa99d3cf-design.jpg,English,1,"[(130, 287, 260, 172)]",Static/Meme/English/inside-attackers-apartment-581fafa99d3cf-design.jpg
insufferable-personality-5bc314c356574-design.jpg,English,1,"[(372, 370, 350, 350)]",Static/Meme/English/insufferable-personality-5bc314c356574-design.jpg
is-this-god-596e9bdf4932f-design.jpg,English,1,"[(442, 35, 478, 335)]",Static/Meme/English/is-this-god-596e9bdf4932f-design.jpg
isis-hostage-57c5b29f5abe6-design.jpg,English,1,"[(0, 0, 529, 403)]",Static/Meme/English/isis-hostage-57c5b29f5abe6-design.jpg
its-been-3000-years-57bf212ad07ca-design.jpg,English,1,"[(476, 156, 184, 161)]",Static/Meme/English/its-been-3000-years-57bf212ad07ca-design.jpg
its-dangerous-to-go-alone-59d97dc38a554-design.jpg,English,1,"[(294, 261, 176, 142)]",Static/Meme/English/its-dangerous-to-go-alone-59d97dc38a554-design.jpg
its-time-to-duel-57e539aa8fa96-design.jpg,English,1,"[(293, 119, 119, 130)]",Static/Meme/English/its-time-to-duel-57e539aa8fa96-design.jpg
jackpot-57b2616ddfceb-design.jpg,English,1,"[(0, 410, 435, 261)]",Static/Meme/English/jackpot-57b2616ddfceb-design.jpg
jake-paul-stop-him-59a95c4848028-design.jpg,English,1,"[(34, 218, 524, 304)]",Static/Meme/English/jake-paul-stop-him-59a95c4848028-design.jpg
jenkins-57e1d6ca85fa4-design.jpg,English,1,"[(252, 413, 118, 106)]",Static/Meme/English/jenkins-57e1d6ca85fa4-design.jpg
jesus-57b822e9ad95d-design.jpg,English,1,"[(54, 123, 256, 209)]",Static/Meme/English/jesus-57b822e9ad95d-design.jpg
jesus-57d0ece1543be-design.jpg,English,1,"[(388, 424, 342, 311)]",Static/Meme/English/jesus-57d0ece1543be-design.jpg
jesus-telling-the-truth-58488c0faa2a7-design.jpg,English,1,"[(134, 96, 74, 70)]",Static/Meme/English/jesus-telling-the-truth-58488c0faa2a7-design.jpg
jfk-killer-57f26ddcd6b84-design.jpg,English,1,"[(346, 328, 96, 111)]",Static/Meme/English/jfk-killer-57f26ddcd6b84-design.jpg
jinxs-reaction-57e10afcd805d-design.jpg,English,1,"[(416, 238, 446, 249)]",Static/Meme/English/jinxs-reaction-57e10afcd805d-design.jpg
jojo-photo-57e0c16581ea0-design.jpg,English,1,"[(10, 219, 432, 348)]",Static/Meme/English/jojo-photo-57e0c16581ea0-design.jpg
jontron-bob-ross-57c4daa1d2487-design.jpg,English,1,"[(304, 111, 316, 241)]",Static/Meme/English/jontron-bob-ross-57c4daa1d2487-design.jpg
jotaro-with-a-picture-58484c447d442-design.jpg,English,1,"[(223, 204, 291, 228)]",Static/Meme/English/jotaro-with-a-picture-58484c447d442-design.jpg
just4apreviewmeme-57e21578427f2-design.jpg,English,1,"[(76, 187, 706, 409)]",Static/Meme/English/just4apreviewmeme-57e21578427f2-design.jpg
keep-closed-for-your-safety-59691b7992871-design.jpg,English,1,"[(54, 0, 360, 223)]",Static/Meme/English/keep-closed-for-your-safety-59691b7992871-design.jpg
kids-now-smh-57b23b1ca53a8-design.jpg,English,1,"[(232, 253, 508, 428)]",Static/Meme/English/kids-now-smh-57b23b1ca53a8-design.jpg
know-your-meme-shitpostbot-5000-591bc92a61ba4-design.jpg,English,1,"[(32, 192, 450, 252)]",Static/Meme/English/know-your-meme-shitpostbot-5000-591bc92a61ba4-design.jpg
legendary-crusader-586fce00d3252-design.jpg,English,1,"[(94, 332, 720, 684)]",Static/Meme/English/legendary-crusader-586fce00d3252-design.jpg
like-if-she-doesnt-deserve-57b9d15eadd44-design.jpg,English,1,"[(22, 174, 358, 223)]",Static/Meme/English/like-if-she-doesnt-deserve-57b9d15eadd44-design.jpg
lmao-58cf421f33f44-design.jpg,English,1,"[(38, 133, 568, 126)]",Static/Meme/English/lmao-58cf421f33f44-design.jpg
local-man-ruins-everything-57df305145ff8-design.jpg,English,1,"[(118, 164, 252, 164)]",Static/Meme/English/local-man-ruins-everything-57df305145ff8-design.jpg
losing-my-religion-57c6670915367-design.jpg,English,1,"[(176, 314, 500, 534)]",Static/Meme/English/losing-my-religion-57c6670915367-design.jpg
man-staring-me-57f450e981a15-design.jpg,English,1,"[(18, 37, 272, 344)]",Static/Meme/English/man-staring-me-57f450e981a15-design.jpg
mario-3-57c387e724b10-design.jpg,English,1,"[(144, 56, 184, 134)]",Static/Meme/English/mario-3-57c387e724b10-design.jpg
may-the-power-of-christ-59a6f86eed6f4-design.jpg,English,1,"[(70, 99, 228, 229)]",Static/Meme/English/may-the-power-of-christ-59a6f86eed6f4-design.jpg
mcdonalds-happy-meal-57d5334a8858a-design.jpg,English,1,"[(10, 110, 316, 279)]",Static/Meme/English/mcdonalds-happy-meal-57d5334a8858a-design.jpg
meme-5ad59ef0882a6-design.jpg,English,1,"[(0, 0, 500, 515)]",Static/Meme/English/meme-5ad59ef0882a6-design.jpg
meme-dictator-57b1d07415163-design.jpg,English,1,"[(364, 79, 148, 198)]",Static/Meme/English/meme-dictator-57b1d07415163-design.jpg
meth-5912198dc8c94-design.jpg,English,1,"[(10, 0, 222, 117)]",Static/Meme/English/meth-5912198dc8c94-design.jpg
music-head-5858217a5a921-design.jpg,English,1,"[(66, 64, 214, 148)]",Static/Meme/English/music-head-5858217a5a921-design.jpg
my-kink-589b4956d1bea-design.jpg,English,1,"[(272, 221, 278, 283)]",Static/Meme/English/my-kink-589b4956d1bea-design.jpg
nasa-finds-memes-on-mars-57b1cad5728a0-design.jpg,English,1,"[(197, 0, 347, 261)]",Static/Meme/English/nasa-finds-memes-on-mars-57b1cad5728a0-design.jpg
new-amiibo-57e31581554e8-design.jpg,English,1,"[(294, 257, 374, 356)]",Static/Meme/English/new-amiibo-57e31581554e8-design.jpg
new-boss-dlc-for-resident-evil-7-58b0b500a9860-design.jpg,English,1,"[(34, 11, 1154, 650)]",Static/Meme/English/new-boss-dlc-for-resident-evil-7-58b0b500a9860-design.jpg
new-foe-57b60bd05da8a-design.jpg,English,1,"[(552, 105, 276, 294)]",Static/Meme/English/new-foe-57b60bd05da8a-design.jpg
newspaper-57b738dba6b25-design.jpg,English,1,"[(14, 331, 510, 397)]",Static/Meme/English/newspaper-57b738dba6b25-design.jpg
no-humanity-5896130e75c8d-design.jpg,English,1,"[(0, 0, 255, 136)]",Static/Meme/English/no-humanity-5896130e75c8d-design.jpg
no-neck-57e0cd8dbcda4-design.jpg,English,1,"[(24, 28, 564, 470)]",Static/Meme/English/no-neck-57e0cd8dbcda4-design.jpg
nsfw-57b8b3de910e3-design.jpg,English,1,"[(76, 122, 450, 215)]",Static/Meme/English/nsfw-57b8b3de910e3-design.jpg
obamas-gay-lifestyle-57f18befe2698-design.jpg,English,1,"[(16, 484, 116, 152)]",Static/Meme/English/obamas-gay-lifestyle-57f18befe2698-design.jpg
oh-my-god-its-582f4516f1d26-design.jpg,English,1,"[(250, 81, 384, 391)]",Static/Meme/English/oh-my-god-its-582f4516f1d26-design.jpg
oh-no-5a582c5d4fe01-design.jpg,English,1,"[(30, 369, 846, 490)]",Static/Meme/English/oh-no-5a582c5d4fe01-design.jpg
ok-59d687279801e-design.jpg,English,1,"[(52, 23, 88, 87)]",Static/Meme/English/ok-59d687279801e-design.jpg
omg-these-things-are-so-useless-597cdca0b018b-design.jpg,English,1,"[(0, 343, 260, 257)]",Static/Meme/English/omg-these-things-are-so-useless-597cdca0b018b-design.jpg
page-unpublished-meme-57ba19a680dc8-design.jpg,English,1,"[(240, 30, 234, 199)]",Static/Meme/English/page-unpublished-meme-57ba19a680dc8-design.jpg
perfection-5847487c2a284-design.jpg,English,1,"[(0, 1042, 540, 500)]",Static/Meme/English/perfection-5847487c2a284-design.jpg
photo_10050@22-03-2021_20-04-30.jpg,English,1,"[(0, 1, 246, 281)]",Static/Meme/English/photo_10050@22-03-2021_20-04-30.jpg
photo_1038@26-07-2019_01-14-20.jpg,English,1,"[(0, 0, 970, 545)]",Static/Meme/English/photo_1038@26-07-2019_01-14-20.jpg
photo_10420@07-04-2021_22-52-53.jpg,English,1,"[(836, 862, 244, 309)]",Static/Meme/English/photo_10420@07-04-2021_22-52-53.jpg
photo_104@15-06-2019_04-14-13.jpg,English,1,"[(346, 6, 314, 194)]",Static/Meme/English/photo_104@15-06-2019_04-14-13.jpg
photo_1054@26-07-2019_17-14-24.jpg,English,1,"[(560, 248, 62, 65)]",Static/Meme/English/photo_1054@26-07-2019_17-14-24.jpg
photo_106@06-01-2023_03-01-49.jpg,English,1,"[(314, 401, 458, 495)]",Static/Meme/English/photo_106@06-01-2023_03-01-49.jpg
photo_106@15-06-2019_06-14-30.jpg,English,1,"[(436, 733, 476, 403)]",Static/Meme/English/photo_106@15-06-2019_06-14-30.jpg
photo_107@06-01-2023_03-01-49.jpg,English,1,"[(134, 481, 266, 216)]",Static/Meme/English/photo_107@06-01-2023_03-01-49.jpg
photo_1085@28-07-2019_01-14-46.jpg,English,1,"[(490, 91, 196, 195)]",Static/Meme/English/photo_1085@28-07-2019_01-14-46.jpg
photo_10873@20-04-2021_11-50-07.jpg,English,1,"[(204, 312, 216, 236)]",Static/Meme/English/photo_10873@20-04-2021_11-50-07.jpg
photo_108@06-01-2023_03-01-49.jpg,English,1,"[(185, 348, 145, 164)]",Static/Meme/English/photo_108@06-01-2023_03-01-49.jpg
photo_1126@29-07-2019_18-14-31.jpg,English,1,"[(560, 677, 565, 436)]",Static/Meme/English/photo_1126@29-07-2019_18-14-31.jpg
photo_113@06-01-2023_03-01-49.jpg,English,1,"[(420, 155, 245, 265)]",Static/Meme/English/photo_113@06-01-2023_03-01-49.jpg
photo_1152@30-07-2019_22-14-46.jpg,English,1,"[(364, 217, 194, 121)]",Static/Meme/English/photo_1152@30-07-2019_22-14-46.jpg
photo_115@06-01-2023_03-05-25.jpg,English,1,"[(0, 349, 829, 501)]",Static/Meme/English/photo_115@06-01-2023_03-05-25.jpg
photo_11@06-01-2023_02-00-43.jpg,English,1,"[(588, 329, 196, 219)]",Static/Meme/English/photo_11@06-01-2023_02-00-43.jpg
photo_121@06-01-2023_03-09-30.jpg,English,1,"[(336, 203, 609, 589)]",Static/Meme/English/photo_121@06-01-2023_03-09-30.jpg
photo_1257@04-08-2019_08-14-09.jpg,English,1,"[(260, 127, 197, 196)]",Static/Meme/English/photo_1257@04-08-2019_08-14-09.jpg
photo_128@06-01-2023_03-12-43.jpg,English,1,"[(198, 675, 316, 285)]",Static/Meme/English/photo_128@06-01-2023_03-12-43.jpg
photo_128@16-06-2019_04-14-26.jpg,English,1,"[(506, 747, 59, 61)]",Static/Meme/English/photo_128@16-06-2019_04-14-26.jpg
photo_1326@07-08-2019_06-14-11.jpg,English,1,"[(77, 700, 124, 102)]",Static/Meme/English/photo_1326@07-08-2019_06-14-11.jpg
photo_1343@07-08-2019_23-14-45.jpg,English,1,"[(684, 74, 290, 274)]",Static/Meme/English/photo_1343@07-08-2019_23-14-45.jpg
photo_137@06-01-2023_03-13-55.jpg,English,1,"[(176, 74, 414, 419)]",Static/Meme/English/photo_137@06-01-2023_03-13-55.jpg
photo_139@16-06-2019_15-14-30.jpg,English,1,"[(384, 0, 478, 618)]",Static/Meme/English/photo_139@16-06-2019_15-14-30.jpg
photo_13@06-01-2023_02-05-13.jpg,English,1,"[(500, 296, 323, 297)]",Static/Meme/English/photo_13@06-01-2023_02-05-13.jpg
photo_1412@10-08-2019_20-14-37.jpg,English,1,"[(382, 448, 66, 45)]",Static/Meme/English/photo_1412@10-08-2019_20-14-37.jpg
photo_141@06-01-2023_03-13-55.jpg,English,1,"[(432, 116, 346, 430)]",Static/Meme/English/photo_141@06-01-2023_03-13-55.jpg
photo_145@06-01-2023_03-16-31.jpg,English,1,"[(530, 95, 179, 120)]",Static/Meme/English/photo_145@06-01-2023_03-16-31.jpg
photo_146@06-01-2023_03-16-31.jpg,English,1,"[(110, 452, 760, 346)]",Static/Meme/English/photo_146@06-01-2023_03-16-31.jpg
photo_1471@13-08-2019_08-14-31.jpg,English,1,"[(338, 210, 316, 245)]",Static/Meme/English/photo_1471@13-08-2019_08-14-31.jpg
photo_14@06-01-2023_02-06-47.jpg,English,1,"[(896, 123, 118, 121)]",Static/Meme/English/photo_14@06-01-2023_02-06-47.jpg
photo_1522@09-11-2019_23-23-18.jpg,English,1,"[(0, 190, 882, 770)]",Static/Meme/English/photo_1522@09-11-2019_23-23-18.jpg
photo_160@17-06-2019_14-14-13.jpg,English,1,"[(416, 312, 278, 339)]",Static/Meme/English/photo_160@17-06-2019_14-14-13.jpg
photo_163@17-06-2019_17-14-09.jpg,English,1,"[(486, 200, 238, 326)]",Static/Meme/English/photo_163@17-06-2019_17-14-09.jpg
photo_164@06-01-2023_03-28-28.jpg,English,1,"[(196, 825, 604, 454)]",Static/Meme/English/photo_164@06-01-2023_03-28-28.jpg
photo_167@06-01-2023_03-31-23.jpg,English,1,"[(736, 751, 296, 306)]",Static/Meme/English/photo_167@06-01-2023_03-31-23.jpg
photo_168@06-01-2023_03-31-23.jpg,English,1,"[(642, 0, 638, 640)]",Static/Meme/English/photo_168@06-01-2023_03-31-23.jpg
photo_169@06-01-2023_03-32-06.jpg,English,1,"[(316, 498, 393, 365)]",Static/Meme/English/photo_169@06-01-2023_03-32-06.jpg
photo_16@11-06-2019_12-14-40.jpg,English,1,"[(1912, 1716, 610, 774)]",Static/Meme/English/photo_16@11-06-2019_12-14-40.jpg
photo_1700@16-11-2019_23-28-27.jpg,English,1,"[(0, 403, 406, 409)]",Static/Meme/English/photo_1700@16-11-2019_23-28-27.jpg
photo_180@06-01-2023_03-40-18.jpg,English,1,"[(80, 675, 168, 256)]",Static/Meme/English/photo_180@06-01-2023_03-40-18.jpg
photo_182@06-01-2023_03-40-18.jpg,English,1,"[(326, 604, 486, 476)]",Static/Meme/English/photo_182@06-01-2023_03-40-18.jpg
photo_1855@21-11-2019_11-09-02.jpg,English,1,"[(40, 387, 1114, 893)]",Static/Meme/English/photo_1855@21-11-2019_11-09-02.jpg
photo_19534@03-11-2022_14-24-19.jpg,English,1,"[(0, 107, 308, 329)]",Static/Meme/English/photo_19534@03-11-2022_14-24-19.jpg
photo_19602@11-11-2022_11-50-50.jpg,English,1,"[(526, 149, 304, 369)]",Static/Meme/English/photo_19602@11-11-2022_11-50-50.jpg
photo_19732@24-11-2022_19-22-01.jpg,English,1,"[(296, 75, 382, 283)]",Static/Meme/English/photo_19732@24-11-2022_19-22-01.jpg
photo_19793@01-12-2022_10-19-30.jpg,English,1,"[(296, 134, 276, 317)]",Static/Meme/English/photo_19793@01-12-2022_10-19-30.jpg
photo_19812@03-12-2022_16-55-57.jpg,English,1,"[(276, 88, 444, 462)]",Static/Meme/English/photo_19812@03-12-2022_16-55-57.jpg
photo_19813@04-12-2022_00-27-12.jpg,English,1,"[(430, 655, 349, 178)]",Static/Meme/English/photo_19813@04-12-2022_00-27-12.jpg
photo_1984@05-12-2019_11-58-51.jpg,English,1,"[(360, 689, 274, 281)]",Static/Meme/English/photo_1984@05-12-2019_11-58-51.jpg
photo_20047@27-12-2022_17-14-42.jpg,English,1,"[(304, 490, 420, 385)]",Static/Meme/English/photo_20047@27-12-2022_17-14-42.jpg
photo_20066@29-12-2022_13-18-35.jpg,English,1,"[(579, 433, 343, 374)]",Static/Meme/English/photo_20066@29-12-2022_13-18-35.jpg
photo_2023-01-16_14-51-44.jpg,English,1,"[(8, 148, 414, 414)]",Static/Meme/English/photo_2023-01-16_14-51-44.jpg
photo_2023-08-27_04-08-08.jpg,English,1,"[(16, 197, 239, 245)]",Static/Meme/English/photo_2023-08-27_04-08-08.jpg
photo_2023-09-03_17-25-42.jpg,English,1,"[(185, 420, 282, 330)]",Static/Meme/English/photo_2023-09-03_17-25-42.jpg
photo_2023-09-04_19-26-42.jpg,English,1,"[(32, 21, 126, 129)]",Static/Meme/English/photo_2023-09-04_19-26-42.jpg
photo_2023-09-05_15-56-57.jpg,English,1,"[(568, 910, 58, 60)]",Static/Meme/English/photo_2023-09-05_15-56-57.jpg
photo_2023-09-18_16-48-32.jpg,English,1,"[(448, 40, 148, 91)]",Static/Meme/English/photo_2023-09-18_16-48-32.jpg
photo_2023-09-23_20-14-13.jpg,English,1,"[(231, 321, 345, 253)]",Static/Meme/English/photo_2023-09-23_20-14-13.jpg
photo_2023-09-28_21-22-56.jpg,English,1,"[(370, 111, 272, 211)]",Static/Meme/English/photo_2023-09-28_21-22-56.jpg
photo_2023-11-03_10-36-29.jpg,English,1,"[(966, 445, 114, 173)]",Static/Meme/English/photo_2023-11-03_10-36-29.jpg
photo_2023-11-11_14-04-33.jpg,English,1,"[(18, 440, 646, 263)]",Static/Meme/English/photo_2023-11-11_14-04-33.jpg
photo_2023-11-11_14-32-00.jpg,English,1,"[(562, 232, 477, 1048)]",Static/Meme/English/photo_2023-11-11_14-32-00.jpg
photo_2023-12-09_02-55-53.jpg,English,1,"[(360, 482, 200, 130)]",Static/Meme/English/photo_2023-12-09_02-55-53.jpg
photo_2024-01-07_17-35-43.jpg,English,1,"[(784, 29, 244, 282)]",Static/Meme/English/photo_2024-01-07_17-35-43.jpg
photo_22068@05-07-2022_11-14-54.jpg,English,1,"[(400, 220, 166, 263)]",Static/Meme/English/photo_22068@05-07-2022_11-14-54.jpg
photo_22692@19-10-2022_15-14-20.jpg,English,1,"[(424, 203, 296, 378)]",Static/Meme/English/photo_22692@19-10-2022_15-14-20.jpg
photo_22731@22-10-2022_18-14-52.jpg,English,1,"[(238, 233, 232, 294)]",Static/Meme/English/photo_22731@22-10-2022_18-14-52.jpg
photo_22743@23-10-2022_13-14-35.jpg,English,1,"[(412, 484, 536, 523)]",Static/Meme/English/photo_22743@23-10-2022_13-14-35.jpg
photo_22787@26-10-2022_17-14-29.jpg,English,1,"[(860, 321, 514, 536)]",Static/Meme/English/photo_22787@26-10-2022_17-14-29.jpg
photo_231@20-06-2019_13-14-12.jpg,English,1,"[(450, 633, 140, 147)]",Static/Meme/English/photo_231@20-06-2019_13-14-12.jpg
photo_237@20-06-2019_19-14-37.jpg,English,1,"[(308, 61, 104, 121)]",Static/Meme/English/photo_237@20-06-2019_19-14-37.jpg
photo_23@06-01-2023_02-16-51.jpg,English,1,"[(148, 26, 332, 302)]",Static/Meme/English/photo_23@06-01-2023_02-16-51.jpg
photo_24@06-01-2023_02-18-13.jpg,English,1,"[(526, 149, 302, 369)]",Static/Meme/English/photo_24@06-01-2023_02-18-13.jpg
photo_27376@25-11-2022_11-43-58.jpg,English,1,"[(554, 151, 464, 592)]",Static/Meme/English/photo_27376@25-11-2022_11-43-58.jpg
photo_27523@02-12-2022_08-02-29.jpg,English,1,"[(368, 146, 282, 266)]",Static/Meme/English/photo_27523@02-12-2022_08-02-29.jpg
photo_27707@08-12-2022_14-41-38.jpg,English,1,"[(14, 14, 310, 465)]",Static/Meme/English/photo_27707@08-12-2022_14-41-38.jpg
photo_27710@08-12-2022_15-14-36.jpg,English,1,"[(324, 433, 88, 88)]",Static/Meme/English/photo_27710@08-12-2022_15-14-36.jpg
photo_27862@15-12-2022_17-25-32.jpg,English,1,"[(254, 108, 122, 130)]",Static/Meme/English/photo_27862@15-12-2022_17-25-32.jpg
photo_28109@24-12-2022_09-15-41.jpg,English,1,"[(0, 142, 538, 930)]",Static/Meme/English/photo_28109@24-12-2022_09-15-41.jpg
photo_28155@25-12-2022_21-04-54.jpg,English,1,"[(126, 746, 162, 168)]",Static/Meme/English/photo_28155@25-12-2022_21-04-54.jpg
photo_29@06-01-2023_02-18-33.jpg,English,1,"[(282, 20, 70, 78)]",Static/Meme/English/photo_29@06-01-2023_02-18-33.jpg
photo_31@06-01-2023_02-18-33.jpg,English,1,"[(371, 227, 442, 714)]",Static/Meme/English/photo_31@06-01-2023_02-18-33.jpg
photo_33@06-01-2023_02-18-33.jpg,English,1,"[(158, 66, 334, 223)]",Static/Meme/English/photo_33@06-01-2023_02-18-33.jpg
photo_34@06-01-2023_02-20-17.jpg,English,1,"[(338, 299, 230, 229)]",Static/Meme/English/photo_34@06-01-2023_02-20-17.jpg
photo_35@06-01-2023_02-21-20.jpg,English,1,"[(406, 175, 93, 108)]",Static/Meme/English/photo_35@06-01-2023_02-21-20.jpg
photo_3@06-01-2023_01-54-40.jpg,English,1,"[(26, 289, 686, 947)]",Static/Meme/English/photo_3@06-01-2023_01-54-40.jpg
photo_42@06-01-2023_02-25-07.jpg,English,1,"[(394, 63, 417, 405)]",Static/Meme/English/photo_42@06-01-2023_02-25-07.jpg
photo_438@29-06-2019_20-14-34.jpg,English,1,"[(310, 348, 171, 173)]",Static/Meme/English/photo_438@29-06-2019_20-14-34.jpg
photo_472@31-08-2019_20-11-22.jpg,English,1,"[(0, 484, 356, 476)]",Static/Meme/English/photo_472@31-08-2019_20-11-22.jpg
photo_475@01-09-2019_18-12-07.jpg,English,1,"[(320, 632, 352, 309)]",Static/Meme/English/photo_475@01-09-2019_18-12-07.jpg
photo_47@06-01-2023_02-28-14.jpg,English,1,"[(454, 54, 374, 376)]",Static/Meme/English/photo_47@06-01-2023_02-28-14.jpg
photo_4@06-01-2023_01-55-03.jpg,English,1,"[(477, 406, 243, 266)]",Static/Meme/English/photo_4@06-01-2023_01-55-03.jpg
photo_52@06-01-2023_02-32-50.jpg,English,1,"[(694, 210, 140, 178)]",Static/Meme/English/photo_52@06-01-2023_02-32-50.jpg
photo_538@04-07-2019_06-14-12.jpg,English,1,"[(702, 120, 72, 64)]",Static/Meme/English/photo_538@04-07-2019_06-14-12.jpg
photo_545@04-07-2019_13-14-25.jpg,English,1,"[(402, 167, 156, 154)]",Static/Meme/English/photo_545@04-07-2019_13-14-25.jpg
photo_56@06-01-2023_02-35-33.jpg,English,1,"[(604, 613, 354, 358)]",Static/Meme/English/photo_56@06-01-2023_02-35-33.jpg
photo_58@06-01-2023_02-35-42.jpg,English,1,"[(370, 550, 182, 253)]",Static/Meme/English/photo_58@06-01-2023_02-35-42.jpg
photo_594@06-07-2019_19-14-38.jpg,English,1,"[(432, 626, 156, 174)]",Static/Meme/English/photo_594@06-07-2019_19-14-38.jpg
photo_632@08-07-2019_19-14-36.jpg,English,1,"[(182, 574, 102, 99)]",Static/Meme/English/photo_632@08-07-2019_19-14-36.jpg
photo_645@09-07-2019_08-14-14.jpg,English,1,"[(372, 0, 600, 949)]",Static/Meme/English/photo_645@09-07-2019_08-14-14.jpg
photo_647@09-07-2019_10-14-43.jpg,English,1,"[(794, 464, 286, 315)]",Static/Meme/English/photo_647@09-07-2019_10-14-43.jpg
photo_666@03-10-2019_09-34-21.jpg,English,1,"[(274, 653, 206, 202)]",Static/Meme/English/photo_666@03-10-2019_09-34-21.jpg
photo_66@06-01-2023_02-40-31.jpg,English,1,"[(492, 624, 442, 459)]",Static/Meme/English/photo_66@06-01-2023_02-40-31.jpg
photo_6933@07-10-2020_09-33-20.jpg,English,1,"[(643, 240, 309, 278)]",Static/Meme/English/photo_6933@07-10-2020_09-33-20.jpg
photo_700@11-07-2019_17-14-17.jpg,English,1,"[(420, 21, 172, 221)]",Static/Meme/English/photo_700@11-07-2019_17-14-17.jpg
photo_71@06-01-2023_02-43-45.jpg,English,1,"[(6, 14, 52, 55)]",Static/Meme/English/photo_71@06-01-2023_02-43-45.jpg
photo_7205@23-10-2020_15-57-53.jpg,English,1,"[(244, 237, 267, 263)]",Static/Meme/English/photo_7205@23-10-2020_15-57-53.jpg
photo_749@13-07-2019_19-14-34.jpg,English,1,"[(1076, 346, 1132, 781)]",Static/Meme/English/photo_749@13-07-2019_19-14-34.jpg
photo_74@06-01-2023_02-45-19.jpg,English,1,"[(586, 8, 490, 956)]",Static/Meme/English/photo_74@06-01-2023_02-45-19.jpg
photo_7531@06-11-2020_22-32-14.jpg,English,1,"[(239, 343, 206, 206)]",Static/Meme/English/photo_7531@06-11-2020_22-32-14.jpg
photo_77@06-01-2023_02-47-32.jpg,English,1,"[(310, 83, 446, 485)]",Static/Meme/English/photo_77@06-01-2023_02-47-32.jpg
photo_797@15-07-2019_19-14-06.jpg,English,1,"[(550, 416, 48, 61)]",Static/Meme/English/photo_797@15-07-2019_19-14-06.jpg
photo_79@14-06-2019_03-14-20.jpg,English,1,"[(198, 90, 181, 135)]",Static/Meme/English/photo_79@14-06-2019_03-14-20.jpg
photo_805@16-07-2019_03-14-19.jpg,English,1,"[(562, 577, 108, 67)]",Static/Meme/English/photo_805@16-07-2019_03-14-19.jpg
photo_812@16-07-2019_10-14-24.jpg,English,1,"[(428, 102, 426, 475)]",Static/Meme/English/photo_812@16-07-2019_10-14-24.jpg
photo_829@17-07-2019_03-14-27.jpg,English,1,"[(360, 264, 238, 171)]",Static/Meme/English/photo_829@17-07-2019_03-14-27.jpg
photo_83@06-01-2023_02-49-57.jpg,English,1,"[(182, 13, 488, 716)]",Static/Meme/English/photo_83@06-01-2023_02-49-57.jpg
photo_855@18-07-2019_05-14-44.jpg,English,1,"[(462, 1228, 788, 592)]",Static/Meme/English/photo_855@18-07-2019_05-14-44.jpg
photo_85@06-01-2023_02-51-51.jpg,English,1,"[(722, 714, 482, 540)]",Static/Meme/English/photo_85@06-01-2023_02-51-51.jpg
photo_874@19-07-2019_00-14-27.jpg,English,1,"[(292, 0, 311, 352)]",Static/Meme/English/photo_874@19-07-2019_00-14-27.jpg
photo_877@19-10-2019_17-43-38.jpg,English,1,"[(118, 910, 194, 192)]",Static/Meme/English/photo_877@19-10-2019_17-43-38.jpg
photo_888@21-10-2019_15-08-43.jpg,English,1,"[(61, 40, 495, 331)]",Static/Meme/English/photo_888@21-10-2019_15-08-43.jpg
photo_89@06-01-2023_02-52-18.jpg,English,1,"[(289, 331, 725, 706)]",Static/Meme/English/photo_89@06-01-2023_02-52-18.jpg
photo_908@23-10-2019_00-50-09.jpg,English,1,"[(373, 191, 406, 425)]",Static/Meme/English/photo_908@23-10-2019_00-50-09.jpg
photo_91@06-01-2023_02-54-47.jpg,English,1,"[(296, 133, 284, 319)]",Static/Meme/English/photo_91@06-01-2023_02-54-47.jpg
photo_92@06-01-2023_02-54-47.jpg,English,1,"[(240, 166, 274, 242)]",Static/Meme/English/photo_92@06-01-2023_02-54-47.jpg
photo_939@21-07-2019_20-14-39.jpg,English,1,"[(403, 104, 147, 165)]",Static/Meme/English/photo_939@21-07-2019_20-14-39.jpg
photo_94@06-01-2023_02-54-47.jpg,English,1,"[(79, 383, 479, 473)]",Static/Meme/English/photo_94@06-01-2023_02-54-47.jpg
photo_95@06-01-2023_02-56-57.jpg,English,1,"[(540, 492, 150, 333)]",Static/Meme/English/photo_95@06-01-2023_02-56-57.jpg
photo_98@06-01-2023_02-56-57.jpg,English,1,"[(283, 337, 396, 563)]",Static/Meme/English/photo_98@06-01-2023_02-56-57.jpg
photo_99@06-01-2023_02-56-57.jpg,English,1,"[(290, 69, 468, 483)]",Static/Meme/English/photo_99@06-01-2023_02-56-57.jpg
photo_9@06-01-2023_02-00-43.jpg,English,1,"[(204, 341, 654, 568)]",Static/Meme/English/photo_9@06-01-2023_02-00-43.jpg
physical-return-of-meme-57c3857d0e3e5-design.jpg,English,1,"[(0, 0, 415, 380)]",Static/Meme/English/physical-return-of-meme-57c3857d0e3e5-design.jpg
pics-pls-593565c16fd8d-design.jpg,English,1,"[(310, 28, 118, 162)]",Static/Meme/English/pics-pls-593565c16fd8d-design.jpg
pineapplenon-pineapple-union-58bd34e0dbb82-design.jpg,English,1,"[(26, 457, 490, 333)]",Static/Meme/English/pineapplenon-pineapple-union-58bd34e0dbb82-design.jpg
pls-dont-shoot-57fbe5884f592-design.jpg,English,1,"[(0, 96, 320, 298)]",Static/Meme/English/pls-dont-shoot-57fbe5884f592-design.jpg
pokememe-go-57b20591996a1-design.jpg,English,1,"[(78, 306, 342, 292)]",Static/Meme/English/pokememe-go-57b20591996a1-design.jpg
pokemon-eating-5872bceed3aa4-design.jpg,English,1,"[(2, 2, 170, 94)]",Static/Meme/English/pokemon-eating-5872bceed3aa4-design.jpg
press-a-to-pound-583817128c6a6-design.jpg,English,1,"[(0, 0, 539, 383)]",Static/Meme/English/press-a-to-pound-583817128c6a6-design.jpg
press-f-57c3cfd4c3d83-design.jpg,English,1,"[(358, 83, 96, 125)]",Static/Meme/English/press-f-57c3cfd4c3d83-design.jpg
ps1-game-case-5877fbe3096fb-design.jpg,English,1,"[(170, 75, 436, 487)]",Static/Meme/English/ps1-game-case-5877fbe3096fb-design.jpg
psychic-57b45ec35c290-design.jpg,English,1,"[(0, 83, 420, 294)]",Static/Meme/English/psychic-57b45ec35c290-design.jpg
punch-out-57ded686a1d49-design.jpg,English,1,"[(63, 78, 116, 94)]",Static/Meme/English/punch-out-57ded686a1d49-design.jpg
rambo-who-wants-to-destroy-isis-57e1ea91bf702-design.jpg,English,1,"[(0, 0, 857, 486)]",Static/Meme/English/rambo-who-wants-to-destroy-isis-57e1ea91bf702-design.jpg
real-dt-57bf4e5e52716-design.jpg,English,1,"[(22, 130, 482, 385)]",Static/Meme/English/real-dt-57bf4e5e52716-design.jpg
real-watchmojo-title-580aa32ebc40a-design.jpg,English,1,"[(0, 0, 434, 252)]",Static/Meme/English/real-watchmojo-title-580aa32ebc40a-design.jpg
reserved-seat-57b2ccd032319-design.jpg,English,1,"[(310, 138, 120, 118)]",Static/Meme/English/reserved-seat-57b2ccd032319-design.jpg
rp-youtube-586f26ae7e8f9-design.jpg,English,1,"[(36, 8, 368, 215)]",Static/Meme/English/rp-youtube-586f26ae7e8f9-design.jpg
save-my-relationship-57b66e20724a8-design.jpg,English,1,"[(4, 26, 178, 121)]",Static/Meme/English/save-my-relationship-57b66e20724a8-design.jpg
scp-682-57be71ac75932-design.jpg,English,1,"[(386, 5, 304, 223)]",Static/Meme/English/scp-682-57be71ac75932-design.jpg
scrigg-57bd4533d0881-design.jpg,English,1,"[(12, 39, 458, 249)]",Static/Meme/English/scrigg-57bd4533d0881-design.jpg
scum-and-villainy-58196809d66b0-design.jpg,English,1,"[(208, 378, 432, 272)]",Static/Meme/English/scum-and-villainy-58196809d66b0-design.jpg
seinfeldpng-57b878c417b0a-design.jpg,English,1,"[(318, 57, 88, 280)]",Static/Meme/English/seinfeldpng-57b878c417b0a-design.jpg
sentience-57bee5107a830-design.jpg,English,1,"[(360, 12, 122, 68)]",Static/Meme/English/sentience-57bee5107a830-design.jpg
sexualitys-59d9e8bd739c3-design.jpg,English,1,"[(270, 392, 258, 117)]",Static/Meme/English/sexualitys-59d9e8bd739c3-design.jpg
sexycodec-5872c9c1a3d0b-design.jpg,English,1,"[(208, 55, 188, 326)]",Static/Meme/English/sexycodec-5872c9c1a3d0b-design.jpg
she-drank-7-litres-of-coke-a-day-57d164a7e06af-design.jpg,English,1,"[(250, 8, 236, 251)]",Static/Meme/English/she-drank-7-litres-of-coke-a-day-57d164a7e06af-design.jpg
sheer-heart-attack-58bde783890ee-design.jpg,English,1,"[(22, 276, 438, 257)]",Static/Meme/English/sheer-heart-attack-58bde783890ee-design.jpg
shes-9-5970f631d1807-design.jpg,English,1,"[(368, 149, 303, 407)]",Static/Meme/English/shes-9-5970f631d1807-design.jpg
shit-ultra-hd-58b89df1805eb-design.jpg,English,1,"[(0, 712, 304, 248)]",Static/Meme/English/shit-ultra-hd-58b89df1805eb-design.jpg
sick-of-this-dude-57e78d0f17843-design.jpg,English,1,"[(262, 69, 228, 300)]",Static/Meme/English/sick-of-this-dude-57e78d0f17843-design.jpg
sitting-close-to-the-tv-585f1d568743f-design.jpg,English,1,"[(0, 460, 450, 325)]",Static/Meme/English/sitting-close-to-the-tv-585f1d568743f-design.jpg
smash-or-pass-rapper-edition-596c155e6f8cc-design.jpg,English,1,"[(350, 0, 240, 315)]",Static/Meme/English/smash-or-pass-rapper-edition-596c155e6f8cc-design.jpg
smile-57cbaf5132965-design.jpg,English,1,"[(28, 162, 818, 472)]",Static/Meme/English/smile-57cbaf5132965-design.jpg
sometimes-its-ok-to-give-up-57b186d8d58ac-design.jpg,English,1,"[(438, 4, 560, 675)]",Static/Meme/English/sometimes-its-ok-to-give-up-57b186d8d58ac-design.jpg
son-of-a-mama-5872fce260199-design.jpg,English,1,"[(4, 0, 96, 150)]",Static/Meme/English/son-of-a-mama-5872fce260199-design.jpg
soul-demolition-57fa2ab45279a-design.jpg,English,1,"[(41, 94, 227, 233)]",Static/Meme/English/soul-demolition-57fa2ab45279a-design.jpg
spanish-jesus-5a7c8323c2c6a-design.jpg,English,1,"[(196, 364, 218, 228)]",Static/Meme/English/spanish-jesus-5a7c8323c2c6a-design.jpg
ss-57ca230bb047a-design.jpg,English,1,"[(216, 186, 186, 147)]",Static/Meme/English/ss-57ca230bb047a-design.jpg
surveillance-image-of-suspect-57b2d42645ccb-design.jpg,English,1,"[(14, 96, 180, 228)]",Static/Meme/English/surveillance-image-of-suspect-57b2d42645ccb-design.jpg
taco-bell-is-ending-my-life-58794e90a761d-design.jpg,English,1,"[(44, 5, 359, 640)]",Static/Meme/English/taco-bell-is-ending-my-life-58794e90a761d-design.jpg
take-off-the-mask-57b5d343cc247-design.jpg,English,1,"[(0, 399, 402, 401)]",Static/Meme/English/take-off-the-mask-57b5d343cc247-design.jpg
technology-is-2-spoopy-57b3dd2fed5a8-design.jpg,English,1,"[(366, 97, 106, 80)]",Static/Meme/English/technology-is-2-spoopy-57b3dd2fed5a8-design.jpg
tefl-teachers-tinder-599819502fd46-design.jpg,English,1,"[(4, 75, 536, 550)]",Static/Meme/English/tefl-teachers-tinder-599819502fd46-design.jpg
tell-the-difference-or-dont-5976d0f2d284d-design.jpg,English,1,"[(2, 200, 370, 422)]",Static/Meme/English/tell-the-difference-or-dont-5976d0f2d284d-design.jpg
template-in-the-real-world-57e247feacbf8-design.jpg,English,1,"[(340, 0, 326, 719)]",Static/Meme/English/template-in-the-real-world-57e247feacbf8-design.jpg
terryfing-technology-5879185c2c43c-design.jpg,English,1,"[(20, 100, 476, 250)]",Static/Meme/English/terryfing-technology-5879185c2c43c-design.jpg
the-formula-59b06d87f0c77-design.jpg,English,1,"[(0, 700, 856, 500)]",Static/Meme/English/the-formula-59b06d87f0c77-design.jpg
the-horrors-of-war-57f54a7db8581-design.jpg,English,1,"[(16, 49, 568, 377)]",Static/Meme/English/the-horrors-of-war-57f54a7db8581-design.jpg
the-society-we-live-in-5c9537799467e-design.jpg,English,1,"[(490, 324, 134, 102)]",Static/Meme/English/the-society-we-live-in-5c9537799467e-design.jpg
thequietestkids-5848f7f1e6401-design.jpg,English,1,"[(36, 165, 300, 320)]",Static/Meme/English/thequietestkids-5848f7f1e6401-design.jpg
this-guy-questions-his-sanity-5928f8693f7d1-design.jpg,English,1,"[(72, 7, 92, 94)]",Static/Meme/English/this-guy-questions-his-sanity-5928f8693f7d1-design.jpg
this-is-climate-change-5911e022f368d-design.jpg,English,1,"[(0, 133, 582, 294)]",Static/Meme/English/this-is-climate-change-5911e022f368d-design.jpg
this-is-the-info-war-594703e993082-design.jpg,English,1,"[(466, 57, 492, 310)]",Static/Meme/English/this-is-the-info-war-594703e993082-design.jpg
this-person-is-a-slut-for-57b20fbad9d14-design.jpg,English,1,"[(0, 292, 500, 202)]",Static/Meme/English/this-person-is-a-slut-for-57b20fbad9d14-design.jpg
this-ugly-son-of-a-bitch-57b6d851cb6ca-design.jpg,English,1,"[(0, 0, 248, 363)]",Static/Meme/English/this-ugly-son-of-a-bitch-57b6d851cb6ca-design.jpg
those-kinds-of-websites-57bf696375a5a-design.jpg,English,1,"[(150, 496, 156, 225)]",Static/Meme/English/those-kinds-of-websites-57bf696375a5a-design.jpg
thrilled-ray-581b11d8d3454-design.jpg,English,1,"[(76, 103, 314, 309)]",Static/Meme/English/thrilled-ray-581b11d8d3454-design.jpg
time-person-of-the-year-57e68571e95ce-design.jpg,English,1,"[(98, 243, 414, 473)]",Static/Meme/English/time-person-of-the-year-57e68571e95ce-design.jpg
tinder-57bcd4a181ee1-design.jpg,English,1,"[(0, 0, 562, 566)]",Static/Meme/English/tinder-57bcd4a181ee1-design.jpg
toilet-57b7f52075613-design.jpg,English,1,"[(0, 143, 552, 353)]",Static/Meme/English/toilet-57b7f52075613-design.jpg
tomodachi-face-57c742fa8858d-design.jpg,English,1,"[(213, 53, 174, 182)]",Static/Meme/English/tomodachi-face-57c742fa8858d-design.jpg
top-57e345ce1a894-design.jpg,English,1,"[(0, 0, 858, 439)]",Static/Meme/English/top-57e345ce1a894-design.jpg
transforms-into-this-57f1981650b5c-design.jpg,English,1,"[(90, 353, 204, 235)]",Static/Meme/English/transforms-into-this-57f1981650b5c-design.jpg
trash-tempv3-588404f4a5401-design.jpg,English,1,"[(250, 117, 198, 318)]",Static/Meme/English/trash-tempv3-588404f4a5401-design.jpg
trump-5a5ecfb42ab56-design.jpg,English,1,"[(32, 222, 658, 435)]",Static/Meme/English/trump-5a5ecfb42ab56-design.jpg
tumblr-raids-4chan-59a2e2588c851-design.jpg,English,1,"[(34, 353, 230, 315)]",Static/Meme/English/tumblr-raids-4chan-59a2e2588c851-design.jpg
twitter-moments-57f2f5c18e977-design.jpg,English,1,"[(8, 5, 210, 280)]",Static/Meme/English/twitter-moments-57f2f5c18e977-design.jpg
walmart-mast-598d88316dbf4-design.jpg,English,1,"[(430, 93, 188, 223)]",Static/Meme/English/walmart-mast-598d88316dbf4-design.jpg
watch-mongooo-58a3dd33a6619-design.jpg,English,1,"[(24, 50, 858, 485)]",Static/Meme/English/watch-mongooo-58a3dd33a6619-design.jpg
weeb-59061176cb2e0-design.jpg,English,1,"[(20, 101, 244, 266)]",Static/Meme/English/weeb-59061176cb2e0-design.jpg
what-would-you-do-57f406b6e082a-design.jpg,English,1,"[(214, 329, 302, 333)]",Static/Meme/English/what-would-you-do-57f406b6e082a-design.jpg
white-men-bar-in-japan-5904d138e136e-design.jpg,English,1,"[(0, 0, 600, 426)]",Static/Meme/English/white-men-bar-in-japan-5904d138e136e-design.jpg
who-did-911-57b6f3a274bd6-design.jpg,English,1,"[(30, 153, 694, 353)]",Static/Meme/English/who-did-911-57b6f3a274bd6-design.jpg
who-im-voting-for-president-5803ea2f14497-design.jpg,English,1,"[(0, 0, 640, 358)]",Static/Meme/English/who-im-voting-for-president-5803ea2f14497-design.jpg
who-is-that-bitch-57cba3484e4d6-design.jpg,English,1,"[(20, 172, 598, 391)]",Static/Meme/English/who-is-that-bitch-57cba3484e4d6-design.jpg
who-is-this-pokemon-57b66fc0320d6-design.jpg,English,1,"[(16, 179, 690, 685)]",Static/Meme/English/who-is-this-pokemon-57b66fc0320d6-design.jpg
who-needs-to-drop-an-album-57deedcfd80a9-design.jpg,English,1,"[(12, 206, 378, 213)]",Static/Meme/English/who-needs-to-drop-an-album-57deedcfd80a9-design.jpg
who-remember-this-game-57bf035c47ead-design.jpg,English,1,"[(164, 192, 172, 167)]",Static/Meme/English/who-remember-this-game-57bf035c47ead-design.jpg
who-used-to-play-this-58791f594c6ae-design.jpg,English,1,"[(100, 203, 436, 185)]",Static/Meme/English/who-used-to-play-this-58791f594c6ae-design.jpg
who-will-superman-fight-5815c60eba1f9-design.jpg,English,1,"[(243, 53, 243, 252)]",Static/Meme/English/who-will-superman-fight-5815c60eba1f9-design.jpg
why-do-this-57cffdf2b7b07-design.jpg,English,1,"[(8, 8, 1270, 652)]",Static/Meme/English/why-do-this-57cffdf2b7b07-design.jpg
why-is-this-so-cute-57b75932b5f04-design.jpg,English,1,"[(141, 50, 344, 317)]",Static/Meme/English/why-is-this-so-cute-57b75932b5f04-design.jpg
why-the-democrats-lost-583360336fa6e-design.jpg,English,1,"[(74, 30, 310, 236)]",Static/Meme/English/why-the-democrats-lost-583360336fa6e-design.jpg
why-would-you-be-okay-with-this-583dbeb847f1b-design.jpg,English,1,"[(0, 510, 640, 266)]",Static/Meme/English/why-would-you-be-okay-with-this-583dbeb847f1b-design.jpg
why-you-smilin-5a3ac80ca3c9b-design.jpg,English,1,"[(20, 491, 714, 521)]",Static/Meme/English/why-you-smilin-5a3ac80ca3c9b-design.jpg
wikihow-5813b8255659d-design.jpg,English,1,"[(12, 92, 702, 512)]",Static/Meme/English/wikihow-5813b8255659d-design.jpg
wimpy-kid-57baf5c5b767f-design.jpg,English,1,"[(90, 365, 341, 424)]",Static/Meme/English/wimpy-kid-57baf5c5b767f-design.jpg
without-makeup-58becb67ec019-design.jpg,English,1,"[(12, 218, 622, 282)]",Static/Meme/English/without-makeup-58becb67ec019-design.jpg
wix-site-2-5862f3aeb5fc0-design.jpg,English,1,"[(56, 139, 368, 232)]",Static/Meme/English/wix-site-2-5862f3aeb5fc0-design.jpg
worse-than-hitler-589cf7b728702-design.jpg,English,1,"[(40, 27, 151, 175)]",Static/Meme/English/worse-than-hitler-589cf7b728702-design.jpg
worst-torture-possible-5974cdd82a3a1-design.jpg,English,1,"[(246, 168, 188, 180)]",Static/Meme/English/worst-torture-possible-5974cdd82a3a1-design.jpg
worth-it-57b1dfc26a7c7-design.jpg,English,1,"[(10, 63, 482, 293)]",Static/Meme/English/worth-it-57b1dfc26a7c7-design.jpg
would-you-pick-up-57b607aebe1a8-design.jpg,English,1,"[(76, 269, 360, 321)]",Static/Meme/English/would-you-pick-up-57b607aebe1a8-design.jpg
wounds-57dfe564eb77b-design.jpg,English,1,"[(28, 239, 190, 219)]",Static/Meme/English/wounds-57dfe564eb77b-design.jpg
wrong-file-57b9d19a44705-design.jpg,English,1,"[(0, 138, 750, 594)]",Static/Meme/English/wrong-file-57b9d19a44705-design.jpg
wrong-image-597a89bb5621c-design.jpg,English,1,"[(70, 76, 508, 513)]",Static/Meme/English/wrong-image-597a89bb5621c-design.jpg
wtf-april-fools-is-this-julia-58e18cd849aa2-design.jpg,English,1,"[(29, 421, 638, 389)]",Static/Meme/English/wtf-april-fools-is-this-julia-58e18cd849aa2-design.jpg
wtf-japan-594da795ad580-design.jpg,English,1,"[(16, 155, 922, 524)]",Static/Meme/English/wtf-japan-594da795ad580-design.jpg
wyltmh-57c0cae847918-design.jpg,English,1,"[(2, 0, 798, 462)]",Static/Meme/English/wyltmh-57c0cae847918-design.jpg
xboxgame-587b254588dfe-design.jpg,English,1,"[(3, 260, 1526, 1615)]",Static/Meme/English/xboxgame-587b254588dfe-design.jpg
yo-who-tf-is-president-5a7cf160215f1-design.jpg,English,1,"[(274, 364, 318, 223)]",Static/Meme/English/yo-who-tf-is-president-5a7cf160215f1-design.jpg
you-are-very-ugly-58a371fe8f685-design.jpg,English,1,"[(26, 114, 344, 327)]",Static/Meme/English/you-are-very-ugly-58a371fe8f685-design.jpg
you-need-this-58e8aa302c91e-design.jpg,English,1,"[(206, 201, 124, 111)]",Static/Meme/English/you-need-this-58e8aa302c91e-design.jpg
your-brain-on-drugs-57ca68718add1-design.jpg,English,1,"[(574, 131, 464, 424)]",Static/Meme/English/your-brain-on-drugs-57ca68718add1-design.jpg
youre-luigi-57cbb3f5e4e4f-design.jpg,English,1,"[(42, 185, 870, 264)]",Static/Meme/English/youre-luigi-57cbb3f5e4e4f-design.jpg
zeuss-disguise-57fbb6d4c62e8-design.jpg,English,1,"[(346, 5, 234, 349)]",Static/Meme/English/zeuss-disguise-57fbb6d4c62e8-design.jpg
zucced-57cbb6b8723c5-design.jpg,English,1,"[(14, 201, 428, 308)]",Static/Meme/English/zucced-57cbb6b8723c5-design.jpg
zuck-mark-58c61a6086aae-design.jpg,English,1,"[(122, 349, 164, 158)]",Static/Meme/English/zuck-mark-58c61a6086aae-design.jpg
1012.jpeg,English,1,"[(431, 93, 274, 421)]",Static/Meme/English/1012.jpeg
1070.jpeg,English,1,"[(274, 82, 348, 357)]",Static/Meme/English/1070.jpeg
1193.jpeg,English,1,"[(268, 129, 244, 341)]",Static/Meme/English/1193.jpeg
1228.jpeg,English,1,"[(444, 64, 130, 210)]",Static/Meme/English/1228.jpeg
1377.jpeg,English,1,"[(135, 300, 213, 339)]",Static/Meme/English/1377.jpeg
1567.jpeg,English,1,"[(0, 76, 750, 441)]",Static/Meme/English/1567.jpeg
1620.jpeg,English,1,"[(209, 69, 60, 60)]",Static/Meme/English/1620.jpeg
1863.jpeg,English,1,"[(226, 88, 106, 150)]",Static/Meme/English/1863.jpeg
2079.jpeg,English,1,"[(388, 60, 322, 556)]",Static/Meme/English/2079.jpeg
2092.jpeg,English,1,"[(0, 103, 456, 282)]",Static/Meme/English/2092.jpeg
2102.jpeg,English,1,"[(142, 403, 89, 136)]",Static/Meme/English/2102.jpeg
2159.jpeg,English,1,"[(0, 111, 480, 476)]",Static/Meme/English/2159.jpeg
2164.jpeg,English,1,"[(254, 49, 215, 234)]",Static/Meme/English/2164.jpeg
2334.jpeg,English,1,"[(87, 161, 49, 106)]",Static/Meme/English/2334.jpeg
2365.jpeg,English,1,"[(400, 209, 258, 276)]",Static/Meme/English/2365.jpeg
2558.jpeg,English,1,"[(560, 775, 478, 604)]",Static/Meme/English/2558.jpeg
2700.jpeg,English,1,"[(162, 168, 132, 144)]",Static/Meme/English/2700.jpeg
2724.jpeg,English,1,"[(322, 271, 292, 287)]",Static/Meme/English/2724.jpeg
665.jpeg,English,1,"[(302, 161, 70, 98)]",Static/Meme/English/665.jpeg
745.jpeg,English,1,"[(14, 5, 540, 429)]",Static/Meme/English/745.jpeg
790.jpeg,English,1,"[(221, 0, 259, 437)]",Static/Meme/English/790.jpeg
948.jpeg,English,1,"[(81, 131, 131, 154)]",Static/Meme/English/948.jpeg
959.jpeg,English,1,"[(284, 0, 301, 245)]",Static/Meme/English/959.jpeg
1117t.png,English,2,"[(139, 326, 282, 282), (460, 325, 282, 282)]",Static/Meme/English/1117t.png
2769t.png,English,2,"[(54, 36, 303, 293), (373, 34, 300, 295)]",Static/Meme/English/2769t.png
3091.png,English,2,"[(416, 434, 48, 49), (38, 401, 93, 139)]",Static/Meme/English/3091.png
415.png,English,2,"[(515, 195, 377, 386), (3, 195, 390, 390)]",Static/Meme/English/415.png
417.png,English,2,"[(643, 289, 162, 160), (717, 119, 148, 143)]",Static/Meme/English/417.png
734.png,English,2,"[(63, 108, 122, 119), (319, 21, 122, 119)]",Static/Meme/English/734.png
819.png,English,2,"[(381, 72, 127, 165), (181, 72, 127, 165)]",Static/Meme/English/819.png
13-year-olds-today-vs-past-57c32d456c43a-design.jpg,English,2,"[(322, 151, 298, 377), (14, 151, 292, 377)]",Static/Meme/English/13-year-olds-today-vs-past-57c32d456c43a-design.jpg
2eb472cab7395e00b5db37af6d21a50d9c96b8ce20e383592a297e5339dc3961_1.jpg,English,2,"[(555, 352, 171, 157), (4, 83, 369, 371)]",Static/Meme/English/2eb472cab7395e00b5db37af6d21a50d9c96b8ce20e383592a297e5339dc3961_1.jpg
3l5e6p.jpg,English,2,"[(212, 323, 428, 313), (210, 0, 430, 314)]",Static/Meme/English/3l5e6p.jpg
alex-jones-evolution-59d94d6a2f992-design.jpg,English,2,"[(94, 463, 266, 374), (382, 462, 266, 376)]",Static/Meme/English/alex-jones-evolution-59d94d6a2f992-design.jpg
becoming-a-meme-57bae88c4d6ca-design.jpg,English,2,"[(457, 454, 14, 2), (12, 89, 478, 255)]",Static/Meme/English/becoming-a-meme-57bae88c4d6ca-design.jpg
before-and-after-make-up-57fbe9d4a9202-design.jpg,English,2,"[(16, 61, 222, 251), (248, 60, 218, 252)]",Static/Meme/English/before-and-after-make-up-57fbe9d4a9202-design.jpg
crossover-57f44d377647b-design.jpg,English,2,"[(34, 58, 404, 591), (600, 56, 386, 592)]",Static/Meme/English/crossover-57f44d377647b-design.jpg
grilfrend-580bedb11f0d0-design.jpg,English,2,"[(10, 342, 196, 282), (8, 9, 198, 327)]",Static/Meme/English/grilfrend-580bedb11f0d0-design.jpg
hero-storydark-story-57e1f3e05f414-design.jpg,English,2,"[(121, 90, 159, 205), (369, 87, 161, 209)]",Static/Meme/English/hero-storydark-story-57e1f3e05f414-design.jpg
its-a-match-5be337a5b3793-design.jpg,English,2,"[(52, 322, 316, 319), (398, 320, 316, 319)]",Static/Meme/English/its-a-match-5be337a5b3793-design.jpg
japan-and-the-usa-57b360ce43edb-design.jpg,English,2,"[(36, 113, 294, 353), (351, 112, 295, 353)]",Static/Meme/English/japan-and-the-usa-57b360ce43edb-design.jpg
laundry-detergeent-57e1e29e7c336-design.jpg,English,2,"[(361, 278, 359, 269), (362, 0, 358, 271)]",Static/Meme/English/laundry-detergeent-57e1e29e7c336-design.jpg
mafia-city-5c2e134c0f91e-design.jpg,English,2,"[(250, 0, 250, 287), (0, 0, 242, 287)]",Static/Meme/English/mafia-city-5c2e134c0f91e-design.jpg
photo_1474@07-11-2019_13-09-55.jpg,English,2,"[(356, 233, 130, 124), (168, 226, 112, 114)]",Static/Meme/English/photo_1474@07-11-2019_13-09-55.jpg
photo_1478@07-11-2019_13-09-59.jpg,English,2,"[(378, 220, 368, 318), (20, 219, 350, 320)]",Static/Meme/English/photo_1478@07-11-2019_13-09-59.jpg
photo_19547@05-11-2022_02-39-09.jpg,English,2,"[(6, 506, 116, 114), (7, 169, 119, 117)]",Static/Meme/English/photo_19547@05-11-2022_02-39-09.jpg
photo_19967@19-12-2022_04-01-08.jpg,English,2,"[(0, 504, 496, 496), (0, 0, 498, 496)]",Static/Meme/English/photo_19967@19-12-2022_04-01-08.jpg
photo_20072@30-12-2022_04-31-43.jpg,English,2,"[(720, 7, 140, 112), (58, 7, 142, 112)]",Static/Meme/English/photo_20072@30-12-2022_04-31-43.jpg
photo_2023-11-01_09-14-29.jpg,English,2,"[(112, 287, 176, 162), (640, 85, 132, 127)]",Static/Meme/English/photo_2023-11-01_09-14-29.jpg
photo_2024-01-07_17-47-21.jpg,English,2,"[(158, 264, 78, 78), (30, 23, 122, 117)]",Static/Meme/English/photo_2024-01-07_17-47-21.jpg
photo_30@12-06-2019_02-14-32.jpg,English,2,"[(288, 236, 58, 68), (2, 148, 68, 77)]",Static/Meme/English/photo_30@12-06-2019_02-14-32.jpg
photo_360@26-06-2019_09-14-31.jpg,English,2,"[(302, 372, 224, 97), (174, 244, 100, 180)]",Static/Meme/English/photo_360@26-06-2019_09-14-31.jpg
photo_38@06-01-2023_02-22-32.jpg,English,2,"[(732, 102, 426, 618), (98, 90, 512, 655)]",Static/Meme/English/photo_38@06-01-2023_02-22-32.jpg
photo_61@06-01-2023_02-37-18.jpg,English,2,"[(807, 117, 172, 190), (290, 49, 212, 209)]",Static/Meme/English/photo_61@06-01-2023_02-37-18.jpg
photo_68@06-01-2023_02-42-46.jpg,English,2,"[(327, 50, 1, 1), (120, 28, 272, 243)]",Static/Meme/English/photo_68@06-01-2023_02-42-46.jpg
photo_7@06-01-2023_01-58-46.jpg,English,2,"[(830, 482, 216, 185), (280, 121, 362, 323)]",Static/Meme/English/photo_7@06-01-2023_01-58-46.jpg
photo_82@06-01-2023_02-49-57.jpg,English,2,"[(81, 57, 345, 316), (648, 44, 294, 266)]",Static/Meme/English/photo_82@06-01-2023_02-49-57.jpg
uncreative-af-57b8545579794-design.jpg,English,2,"[(380, 9, 362, 337), (10, 9, 346, 336)]",Static/Meme/English/uncreative-af-57b8545579794-design.jpg
versus-screen-57d63b32ba44d-design.jpg,English,2,"[(22, 89, 380, 435), (868, 74, 384, 481)]",Static/Meme/English/versus-screen-57d63b32ba44d-design.jpg
who-would-win-59da1027ce7fd-design.jpg,English,2,"[(352, 100, 266, 154), (30, 99, 264, 156)]",Static/Meme/English/who-would-win-59da1027ce7fd-design.jpg
writing-prompt-57d8cb04921ea-design.jpg,English,2,"[(74, 176, 576, 495), (698, 175, 588, 496)]",Static/Meme/English/writing-prompt-57d8cb04921ea-design.jpg
ww3-5e23800f62e67-design.jpg,English,2,"[(74, 343, 150, 215), (66, 25, 148, 155)]",Static/Meme/English/ww3-5e23800f62e67-design.jpg
youarewhatyoueat-57bd5cb237281-design.jpg,English,2,"[(376, 185, 266, 703), (14, 183, 310, 710)]",Static/Meme/English/youarewhatyoueat-57bd5cb237281-design.jpg
1362.png,English,3,"[(532, 609, 324, 271), (532, 302, 324, 302), (532, 0, 324, 297)]",Static/Meme/English/1362.png
3042.png,English,3,"[(427, 218, 188, 216), (189, 218, 221, 216), (0, 217, 172, 220)]",Static/Meme/English/3042.png
421t.png,English,3,"[(662, 10, 196, 196), (336, 10, 196, 196), (10, 10, 196, 196)]",Static/Meme/English/421t.png
are-you-an-idiot-57d51e096bd4f-design.jpg,English,3,"[(402, 372, 108, 129), (132, 368, 112, 114), (22, 199, 86, 90)]",Static/Meme/English/are-you-an-idiot-57d51e096bd4f-design.jpg
photo_110@06-01-2023_03-01-49.jpg,English,3,"[(298, 259, 148, 134), (12, 60, 122, 112), (154, 51, 128, 124)]",Static/Meme/English/photo_110@06-01-2023_03-01-49.jpg
photo_951@22-07-2019_09-14-25.jpg,English,3,"[(360, 336, 100, 106), (194, 307, 112, 119), (42, 305, 116, 117)]",Static/Meme/English/photo_951@22-07-2019_09-14-25.jpg
pokemon-nearby-57b9946ab8243-design.jpg,English,3,"[(180, 340, 234, 231), (486, 339, 238, 229), (802, 337, 236, 228)]",Static/Meme/English/pokemon-nearby-57b9946ab8243-design.jpg
remember-no-random-memes-57f54d67ce109-design.jpg,English,3,"[(576, 437, 1, 2), (328, 213, 358, 537), (543, 149, 3, 2)]",Static/Meme/English/remember-no-random-memes-57f54d67ce109-design.jpg
smash-dlc-fighters-5cb698255c9c9-design.jpg,English,3,"[(218, 160, 180, 252), (778, 158, 190, 255), (404, 158, 362, 255)]",Static/Meme/English/smash-dlc-fighters-5cb698255c9c9-design.jpg
the-science-guy-57e1a5f8ae579-design.jpg,English,3,"[(466, 396, 4, 1), (459, 396, 4, 1), (236, 43, 155, 132)]",Static/Meme/English/the-science-guy-57e1a5f8ae579-design.jpg
1547.jpeg,English,3,"[(74, 330, 66, 63), (254, 328, 66, 65), (56, 72, 294, 175)]",Static/Meme/English/1547.jpeg
2288.jpeg,English,3,"[(352, 502, 347, 246), (352, 254, 347, 242), (352, 0, 347, 248)]",Static/Meme/English/2288.jpeg
1219.png,English,4,"[(318, 336, 310, 264), (0, 336, 311, 264), (318, 73, 310, 258), (0, 72, 311, 259)]",Static/Meme/English/1219.png
1849t.png,English,4,"[(0, 476, 450, 424), (458, 475, 442, 425), (456, 0, 444, 466), (0, 0, 448, 467)]",Static/Meme/English/1849t.png
2302t.png,English,4,"[(336, 94, 117, 184), (581, 90, 87, 160), (467, 90, 102, 171), (180, 84, 140, 196)]",Static/Meme/English/2302t.png
2304.png,English,4,"[(337, 423, 79, 115), (189, 422, 94, 128), (336, 242, 81, 115), (335, 61, 82, 116)]",Static/Meme/English/2304.png
4rkpyg.png,English,4,"[(283, 451, 317, 122), (283, 312, 317, 136), (283, 187, 317, 122), (283, 72, 317, 112)]",Static/Meme/English/4rkpyg.png
1-v-3-meme-edition-57b8daa559e3a-design.jpg,English,4,"[(250, 312, 154, 148), (50, 312, 154, 148), (50, 155, 154, 148), (250, 153, 154, 148)]",Static/Meme/English/1-v-3-meme-edition-57b8daa559e3a-design.jpg
horsemen-of-the-apocalypse-57fb179eaac18-design.jpg,English,4,"[(345, 269, 190, 146), (33, 269, 185, 149), (343, 74, 189, 152), (32, 74, 179, 154)]",Static/Meme/English/horsemen-of-the-apocalypse-57fb179eaac18-design.jpg
photo_2023-11-10_16-52-59.jpg,English,4,"[(898, 602, 596, 478), (292, 602, 597, 478), (897, 117, 597, 475), (292, 117, 596, 475)]",Static/Meme/English/photo_2023-11-10_16-52-59.jpg
photo_2625@03-02-2020_09-40-51.jpg,English,4,"[(972, 202, 248, 253), (47, 199, 225, 229), (336, 154, 272, 308), (624, 132, 262, 300)]",Static/Meme/English/photo_2625@03-02-2020_09-40-51.jpg
photo_2779@15-02-2020_19-26-26.jpg,English,4,"[(335, 710, 113, 110), (88, 710, 114, 110), (337, 525, 113, 110), (96, 525, 114, 110)]",Static/Meme/English/photo_2779@15-02-2020_19-26-26.jpg
photo_3545@14-04-2020_12-52-24.jpg,English,4,"[(238, 301, 124, 89), (550, 224, 118, 99), (238, 98, 122, 89), (508, 56, 124, 72)]",Static/Meme/English/photo_3545@14-04-2020_12-52-24.jpg
photo_378@27-06-2019_04-14-44.jpg,English,4,"[(0, 868, 336, 437), (0, 515, 338, 344), (0, 282, 338, 226), (0, 0, 340, 271)]",Static/Meme/English/photo_378@27-06-2019_04-14-44.jpg
photo_9260@05-02-2021_06-44-17.jpg,English,4,"[(90, 98, 62, 65), (298, 83, 72, 71), (0, 73, 84, 98), (450, 33, 107, 130)]",Static/Meme/English/photo_9260@05-02-2021_06-44-17.jpg
random-ads-58a3847e337ae-design.jpg,English,4,"[(614, 33, 194, 195), (216, 33, 194, 195), (414, 32, 194, 195), (16, 32, 194, 195)]",Static/Meme/English/random-ads-58a3847e337ae-design.jpg
religion-57cbd1cabdda1-design.jpg,English,4,"[(602, 550, 458, 438), (26, 550, 458, 438), (28, 9, 458, 438), (606, 4, 458, 438)]",Static/Meme/English/religion-57cbd1cabdda1-design.jpg
russian-spies-587085370ac66-design.jpg,English,4,"[(26, 625, 214, 297), (700, 623, 203, 297), (478, 623, 211, 299), (253, 623, 216, 299)]",Static/Meme/English/russian-spies-587085370ac66-design.jpg
2409.jpeg,English,4,"[(716, 107, 229, 259), (483, 106, 223, 259), (7, 106, 231, 263), (247, 105, 225, 260)]",Static/Meme/English/2409.jpeg
2376t.png,English,5,"[(462, 42, 126, 190), (17, 42, 125, 190), (307, 41, 123, 191), (162, 41, 122, 192), (615, 40, 129, 189)]",Static/Meme/English/2376t.png
4-uber-drivers-58868b723f86d-design.jpg,English,5,"[(548, 583, 2, 2), (4, 385, 272, 243), (281, 384, 269, 244), (4, 120, 270, 260), (280, 118, 272, 261)]",Static/Meme/English/4-uber-drivers-58868b723f86d-design.jpg
5cc1kb.jpg,English,5,"[(257, 646, 818, 156), (257, 503, 818, 136), (256, 378, 819, 120), (256, 236, 819, 137), (257, 89, 818, 141)]",Static/Meme/English/5cc1kb.jpg
9c7f8dfa737b67be16740c10607fc550.jpg,English,5,"[(271, 917, 800, 163), (271, 746, 800, 166), (271, 577, 800, 165), (271, 407, 800, 165), (271, 236, 800, 167)]",Static/Meme/English/9c7f8dfa737b67be16740c10607fc550.jpg
f25ac6b314d09ebb99cabb9b364ade79.jpg,English,5,"[(192, 707, 424, 156), (192, 554, 424, 147), (192, 386, 424, 162), (192, 215, 424, 165), (192, 18, 424, 191)]",Static/Meme/English/f25ac6b314d09ebb99cabb9b364ade79.jpg
photo_1529@10-11-2019_18-03-20.jpg,English,5,"[(310, 425, 91, 93), (309, 254, 89, 88), (478, 252, 83, 85), (139, 248, 87, 88), (311, 76, 83, 84)]",Static/Meme/English/photo_1529@10-11-2019_18-03-20.jpg
smash-wishlist-57c304b7e2d07-design.jpg,English,5,"[(28, 125, 188, 217), (264, 124, 184, 221), (726, 122, 190, 223), (954, 119, 190, 227), (493, 119, 189, 228)]",Static/Meme/English/smash-wishlist-57c304b7e2d07-design.jpg
tumblr_952f9620a998e81115a630259b5cd38a_944e84b2_400.jpg,English,5,"[(113, 355, 281, 83), (114, 279, 280, 74), (114, 203, 280, 74), (115, 124, 279, 77), (116, 45, 278, 77)]",Static/Meme/English/tumblr_952f9620a998e81115a630259b5cd38a_944e84b2_400.jpg
2460.jpeg,English,5,"[(266, 996, 454, 244), (266, 753, 454, 237), (266, 509, 454, 239), (266, 265, 454, 232), (268, 2, 452, 249)]",Static/Meme/English/2460.jpeg
10.png,Portuguese,1,"[(51, 133, 329, 412)]",Static/Meme/Portuguese/10.png
1009t.png,Portuguese,1,"[(4, 34, 57, 65)]",Static/Meme/Portuguese/1009t.png
1034t.png,Portuguese,1,"[(0, 0, 395, 395)]",Static/Meme/Portuguese/1034t.png
1071t.png,Portuguese,1,"[(6, 6, 158, 176)]",Static/Meme/Portuguese/1071t.png
1150.png,Portuguese,1,"[(0, 147, 530, 323)]",Static/Meme/Portuguese/1150.png
1197.png,Portuguese,1,"[(10, 199, 231, 199)]",Static/Meme/Portuguese/1197.png
1221t.png,Portuguese,1,"[(284, 0, 149, 253)]",Static/Meme/Portuguese/1221t.png
1240t.png,Portuguese,1,"[(41, 91, 259, 258)]",Static/Meme/Portuguese/1240t.png
1326t.png,Portuguese,1,"[(16, 335, 257, 144)]",Static/Meme/Portuguese/1326t.png
136t.png,Portuguese,1,"[(0, 421, 600, 482)]",Static/Meme/Portuguese/136t.png
1386t.png,Portuguese,1,"[(234, 0, 246, 270)]",Static/Meme/Portuguese/1386t.png
1388.png,Portuguese,1,"[(0, 0, 498, 262)]",Static/Meme/Portuguese/1388.png
1422t.png,Portuguese,1,"[(5, 5, 319, 178)]",Static/Meme/Portuguese/1422t.png
146.png,Portuguese,1,"[(0, 120, 434, 308)]",Static/Meme/Portuguese/146.png
147.png,Portuguese,1,"[(0, 0, 866, 501)]",Static/Meme/Portuguese/147.png
15.png,Portuguese,1,"[(490, 123, 443, 478)]",Static/Meme/Portuguese/15.png
1503t.png,Portuguese,1,"[(0, 0, 670, 580)]",Static/Meme/Portuguese/1503t.png
1515.png,Portuguese,1,"[(159, 197, 390, 412)]",Static/Meme/Portuguese/1515.png
1521.png,Portuguese,1,"[(8, 69, 301, 339)]",Static/Meme/Portuguese/1521.png
1544.png,Portuguese,1,"[(78, 141, 591, 289)]",Static/Meme/Portuguese/1544.png
155.png,Portuguese,1,"[(0, 66, 494, 492)]",Static/Meme/Portuguese/155.png
156t.png,Portuguese,1,"[(143, 130, 196, 151)]",Static/Meme/Portuguese/156t.png
1580t.png,Portuguese,1,"[(142, 0, 382, 279)]",Static/Meme/Portuguese/1580t.png
1595.png,Portuguese,1,"[(173, 10, 508, 509)]",Static/Meme/Portuguese/1595.png
1610t.png,Portuguese,1,"[(114, 0, 484, 385)]",Static/Meme/Portuguese/1610t.png
1662.png,Portuguese,1,"[(0, 0, 720, 377)]",Static/Meme/Portuguese/1662.png
1683.png,Portuguese,1,"[(109, 24, 269, 272)]",Static/Meme/Portuguese/1683.png
169.png,Portuguese,1,"[(3, 3, 378, 298)]",Static/Meme/Portuguese/169.png
1690t.png,Portuguese,1,"[(550, 6, 341, 259)]",Static/Meme/Portuguese/1690t.png
1704.png,Portuguese,1,"[(32, 285, 593, 556)]",Static/Meme/Portuguese/1704.png
1727t.png,Portuguese,1,"[(0, 0, 443, 443)]",Static/Meme/Portuguese/1727t.png
1755.png,Portuguese,1,"[(0, 0, 436, 745)]",Static/Meme/Portuguese/1755.png
176.png,Portuguese,1,"[(14, 14, 676, 810)]",Static/Meme/Portuguese/176.png
1781.png,Portuguese,1,"[(0, 313, 414, 224)]",Static/Meme/Portuguese/1781.png
1784.png,Portuguese,1,"[(340, 377, 327, 372)]",Static/Meme/Portuguese/1784.png
18.png,Portuguese,1,"[(0, 0, 625, 382)]",Static/Meme/Portuguese/18.png
180.png,Portuguese,1,"[(2, 29, 413, 445)]",Static/Meme/Portuguese/180.png
1824t.png,Portuguese,1,"[(2, 0, 284, 260)]",Static/Meme/Portuguese/1824t.png
1895t.png,Portuguese,1,"[(373, 326, 347, 331)]",Static/Meme/Portuguese/1895t.png
19.png,Portuguese,1,"[(0, 0, 681, 550)]",Static/Meme/Portuguese/19.png
2070t.png,Portuguese,1,"[(0, 0, 526, 382)]",Static/Meme/Portuguese/2070t.png
21.png,Portuguese,1,"[(452, 335, 81, 80)]",Static/Meme/Portuguese/21.png
2173t.png,Portuguese,1,"[(148, 135, 530, 577)]",Static/Meme/Portuguese/2173t.png
2179t.png,Portuguese,1,"[(80, 149, 347, 338)]",Static/Meme/Portuguese/2179t.png
2218t.png,Portuguese,1,"[(15, 10, 55, 56)]",Static/Meme/Portuguese/2218t.png
2229.png,Portuguese,1,"[(32, 195, 399, 230)]",Static/Meme/Portuguese/2229.png
226t.png,Portuguese,1,"[(0, 0, 627, 627)]",Static/Meme/Portuguese/226t.png
22t.png,Portuguese,1,"[(61, 59, 206, 123)]",Static/Meme/Portuguese/22t.png
2362t.png,Portuguese,1,"[(374, 394, 352, 198)]",Static/Meme/Portuguese/2362t.png
236t.png,Portuguese,1,"[(471, 184, 134, 135)]",Static/Meme/Portuguese/236t.png
2445t.png,Portuguese,1,"[(223, 112, 540, 384)]",Static/Meme/Portuguese/2445t.png
2455.png,Portuguese,1,"[(322, 0, 269, 356)]",Static/Meme/Portuguese/2455.png
25.png,Portuguese,1,"[(0, 100, 480, 416)]",Static/Meme/Portuguese/25.png
2506t.png,Portuguese,1,"[(0, 0, 263, 191)]",Static/Meme/Portuguese/2506t.png
2563t.png,Portuguese,1,"[(2, 62, 248, 214)]",Static/Meme/Portuguese/2563t.png
2605t.png,Portuguese,1,"[(21, 281, 679, 427)]",Static/Meme/Portuguese/2605t.png
2651t.png,Portuguese,1,"[(0, 322, 720, 722)]",Static/Meme/Portuguese/2651t.png
269t.png,Portuguese,1,"[(72, 60, 181, 154)]",Static/Meme/Portuguese/269t.png
2744t.png,Portuguese,1,"[(0, 0, 690, 361)]",Static/Meme/Portuguese/2744t.png
2754t.png,Portuguese,1,"[(237, 269, 194, 198)]",Static/Meme/Portuguese/2754t.png
2802.png,Portuguese,1,"[(0, 0, 1080, 591)]",Static/Meme/Portuguese/2802.png
2885.png,Portuguese,1,"[(370, 83, 380, 376)]",Static/Meme/Portuguese/2885.png
2925.png,Portuguese,1,"[(0, 270, 498, 208)]",Static/Meme/Portuguese/2925.png
2962t.png,Portuguese,1,"[(453, 391, 96, 157)]",Static/Meme/Portuguese/2962t.png
3000.png,Portuguese,1,"[(363, 535, 170, 198)]",Static/Meme/Portuguese/3000.png
3025.png,Portuguese,1,"[(363, 119, 357, 326)]",Static/Meme/Portuguese/3025.png
3072.png,Portuguese,1,"[(0, 0, 720, 720)]",Static/Meme/Portuguese/3072.png
3073.png,Portuguese,1,"[(0, 194, 289, 486)]",Static/Meme/Portuguese/3073.png
3101.png,Portuguese,1,"[(7, 14, 590, 312)]",Static/Meme/Portuguese/3101.png
3106.png,Portuguese,1,"[(0, 0, 240, 259)]",Static/Meme/Portuguese/3106.png
3116.png,Portuguese,1,"[(345, 174, 496, 379)]",Static/Meme/Portuguese/3116.png
3130.png,Portuguese,1,"[(2, 288, 718, 420)]",Static/Meme/Portuguese/3130.png
3131.png,Portuguese,1,"[(0, 139, 611, 423)]",Static/Meme/Portuguese/3131.png
3132.png,Portuguese,1,"[(365, 212, 354, 445)]",Static/Meme/Portuguese/3132.png
335t.png,Portuguese,1,"[(270, 245, 304, 304)]",Static/Meme/Portuguese/335t.png
38.png,Portuguese,1,"[(55, 87, 380, 195)]",Static/Meme/Portuguese/38.png
380.png,Portuguese,1,"[(1, 299, 755, 661)]",Static/Meme/Portuguese/380.png
389.png,Portuguese,1,"[(37, 411, 356, 256)]",Static/Meme/Portuguese/389.png
426.png,Portuguese,1,"[(643, 109, 225, 227)]",Static/Meme/Portuguese/426.png
456.png,Portuguese,1,"[(249, 138, 169, 154)]",Static/Meme/Portuguese/456.png
469t.png,Portuguese,1,"[(0, 0, 465, 353)]",Static/Meme/Portuguese/469t.png
47.png,Portuguese,1,"[(318, 140, 144, 78)]",Static/Meme/Portuguese/47.png
50.png,Portuguese,1,"[(0, 0, 477, 254)]",Static/Meme/Portuguese/50.png
503t.png,Portuguese,1,"[(0, 0, 298, 749)]",Static/Meme/Portuguese/503t.png
504.png,Portuguese,1,"[(196, 246, 132, 132)]",Static/Meme/Portuguese/504.png
520.png,Portuguese,1,"[(97, 165, 286, 299)]",Static/Meme/Portuguese/520.png
6.png,Portuguese,1,"[(0, 177, 540, 507)]",Static/Meme/Portuguese/6.png
601.png,Portuguese,1,"[(229, 70, 153, 205)]",Static/Meme/Portuguese/601.png
607.png,Portuguese,1,"[(0, 92, 590, 498)]",Static/Meme/Portuguese/607.png
622.png,Portuguese,1,"[(322, 356, 297, 336)]",Static/Meme/Portuguese/622.png
63.png,Portuguese,1,"[(267, 460, 246, 252)]",Static/Meme/Portuguese/63.png
696.png,Portuguese,1,"[(190, 119, 158, 233)]",Static/Meme/Portuguese/696.png
71.png,Portuguese,1,"[(211, 508, 181, 183)]",Static/Meme/Portuguese/71.png
794.png,Portuguese,1,"[(305, 14, 112, 113)]",Static/Meme/Portuguese/794.png
877.png,Portuguese,1,"[(216, 105, 203, 212)]",Static/Meme/Portuguese/877.png
87t.png,Portuguese,1,"[(296, 765, 101, 161)]",Static/Meme/Portuguese/87t.png
91.png,Portuguese,1,"[(7, 7, 374, 210)]",Static/Meme/Portuguese/91.png
942.png,Portuguese,1,"[(151, 121, 174, 231)]",Static/Meme/Portuguese/942.png
96t.png,Portuguese,1,"[(0, 0, 600, 519)]",Static/Meme/Portuguese/96t.png
976.png,Portuguese,1,"[(64, 57, 337, 437)]",Static/Meme/Portuguese/976.png
Screenshot_20211116-213942.png,Portuguese,1,"[(166, 113, 189, 169)]",Static/Meme/Portuguese/Screenshot_20211116-213942.png
20211130_121733.jpg,Portuguese,1,"[(392, 186, 80, 108)]",Static/Meme/Portuguese/20211130_121733.jpg
20220317_194110.jpg,Portuguese,1,"[(428, 63, 78, 82)]",Static/Meme/Portuguese/20220317_194110.jpg
f4a7380b54a8c3514c4261c8fb20fe28.jpg,Portuguese,1,"[(348, 164, 98, 99)]",Static/Meme/Portuguese/f4a7380b54a8c3514c4261c8fb20fe28.jpg
FnD6e-IWIAAGECP.jpg,Portuguese,1,"[(174, 413, 86, 94)]",Static/Meme/Portuguese/FnD6e-IWIAAGECP.jpg
FuA9ri9XgAIzRBg.jpg,Portuguese,1,"[(140, 548, 232, 233)]",Static/Meme/Portuguese/FuA9ri9XgAIzRBg.jpg
IMG-20220320-WA0021.jpg,Portuguese,1,"[(0, 371, 1080, 698)]",Static/Meme/Portuguese/IMG-20220320-WA0021.jpg
IMG_20211105_171225.jpg,Portuguese,1,"[(716, 775, 328, 547)]",Static/Meme/Portuguese/IMG_20211105_171225.jpg
IMG_20211116_110254.jpg,Portuguese,1,"[(204, 79, 120, 136)]",Static/Meme/Portuguese/IMG_20211116_110254.jpg
IMG_20211116_162518_886.jpg,Portuguese,1,"[(552, 0, 524, 157)]",Static/Meme/Portuguese/IMG_20211116_162518_886.jpg
IMG_20211117_145513.jpg,Portuguese,1,"[(586, 216, 86, 95)]",Static/Meme/Portuguese/IMG_20211117_145513.jpg
IMG_20211117_150352.jpg,Portuguese,1,"[(188, 387, 180, 349)]",Static/Meme/Portuguese/IMG_20211117_150352.jpg
IMG_20211121_154123_450.jpg,Portuguese,1,"[(266, 12, 131, 172)]",Static/Meme/Portuguese/IMG_20211121_154123_450.jpg
photo_1015@27-10-2019_00-37-54.jpg,Portuguese,1,"[(374, 12, 96, 90)]",Static/Meme/Portuguese/photo_1015@27-10-2019_00-37-54.jpg
photo_10252@02-04-2021_22-57-58.jpg,Portuguese,1,"[(0, 0, 540, 304)]",Static/Meme/Portuguese/photo_10252@02-04-2021_22-57-58.jpg
photo_104@06-01-2023_03-00-28.jpg,Portuguese,1,"[(158, 78, 208, 218)]",Static/Meme/Portuguese/photo_104@06-01-2023_03-00-28.jpg
photo_10672@13-04-2021_22-40-00.jpg,Portuguese,1,"[(20, 16, 108, 109)]",Static/Meme/Portuguese/photo_10672@13-04-2021_22-40-00.jpg
photo_1067@28-10-2019_20-53-43.jpg,Portuguese,1,"[(324, 80, 306, 326)]",Static/Meme/Portuguese/photo_1067@28-10-2019_20-53-43.jpg
photo_10779@17-04-2021_13-08-54.jpg,Portuguese,1,"[(488, 862, 448, 418)]",Static/Meme/Portuguese/photo_10779@17-04-2021_13-08-54.jpg
photo_16@06-01-2023_02-09-20.jpg,Portuguese,1,"[(0, 0, 522, 574)]",Static/Meme/Portuguese/photo_16@06-01-2023_02-09-20.jpg
photo_1713@17-11-2019_11-12-22.jpg,Portuguese,1,"[(134, 383, 518, 510)]",Static/Meme/Portuguese/photo_1713@17-11-2019_11-12-22.jpg
photo_1749@18-11-2019_23-30-55.jpg,Portuguese,1,"[(328, 22, 282, 290)]",Static/Meme/Portuguese/photo_1749@18-11-2019_23-30-55.jpg
photo_184@06-01-2023_03-41-35.jpg,Portuguese,1,"[(83, 150, 615, 571)]",Static/Meme/Portuguese/photo_184@06-01-2023_03-41-35.jpg
photo_185@06-01-2023_03-41-35.jpg,Portuguese,1,"[(18, 36, 74, 76)]",Static/Meme/Portuguese/photo_185@06-01-2023_03-41-35.jpg
photo_1861@21-11-2019_17-26-44.jpg,Portuguese,1,"[(146, 518, 350, 341)]",Static/Meme/Portuguese/photo_1861@21-11-2019_17-26-44.jpg
photo_1870@23-11-2019_21-58-26.jpg,Portuguese,1,"[(375, 295, 404, 412)]",Static/Meme/Portuguese/photo_1870@23-11-2019_21-58-26.jpg
photo_2092@18-12-2019_00-46-01.jpg,Portuguese,1,"[(164, 205, 248, 247)]",Static/Meme/Portuguese/photo_2092@18-12-2019_00-46-01.jpg
photo_209@06-01-2023_03-53-10.jpg,Portuguese,1,"[(362, 53, 358, 352)]",Static/Meme/Portuguese/photo_209@06-01-2023_03-53-10.jpg
photo_20@06-01-2023_02-11-35.jpg,Portuguese,1,"[(350, 94, 116, 63)]",Static/Meme/Portuguese/photo_20@06-01-2023_02-11-35.jpg
photo_215@06-01-2023_03-59-53.jpg,Portuguese,1,"[(246, 18, 268, 273)]",Static/Meme/Portuguese/photo_215@06-01-2023_03-59-53.jpg
photo_2262@02-01-2020_12-38-17.jpg,Portuguese,1,"[(136, 380, 272, 243)]",Static/Meme/Portuguese/photo_2262@02-01-2020_12-38-17.jpg
photo_235@06-01-2023_04-16-53.jpg,Portuguese,1,"[(331, 165, 73, 78)]",Static/Meme/Portuguese/photo_235@06-01-2023_04-16-53.jpg
photo_2460@16-01-2020_22-15-01.jpg,Portuguese,1,"[(610, 332, 178, 185)]",Static/Meme/Portuguese/photo_2460@16-01-2020_22-15-01.jpg
photo_27234@19-11-2022_23-01-51.jpg,Portuguese,1,"[(204, 8, 482, 566)]",Static/Meme/Portuguese/photo_27234@19-11-2022_23-01-51.jpg
photo_27320@22-11-2022_22-04-45.jpg,Portuguese,1,"[(258, 185, 139, 141)]",Static/Meme/Portuguese/photo_27320@22-11-2022_22-04-45.jpg
photo_27329@23-11-2022_11-02-30.jpg,Portuguese,1,"[(30, 0, 584, 320)]",Static/Meme/Portuguese/photo_27329@23-11-2022_11-02-30.jpg
photo_27334@23-11-2022_14-55-47.jpg,Portuguese,1,"[(514, 1031, 232, 212)]",Static/Meme/Portuguese/photo_27334@23-11-2022_14-55-47.jpg
photo_27380@25-11-2022_15-50-09.jpg,Portuguese,1,"[(950, 211, 316, 496)]",Static/Meme/Portuguese/photo_27380@25-11-2022_15-50-09.jpg
photo_27536@02-12-2022_15-36-01.jpg,Portuguese,1,"[(768, 9, 144, 110)]",Static/Meme/Portuguese/photo_27536@02-12-2022_15-36-01.jpg
photo_27542@02-12-2022_16-26-46.jpg,Portuguese,1,"[(102, 279, 264, 351)]",Static/Meme/Portuguese/photo_27542@02-12-2022_16-26-46.jpg
photo_27552@02-12-2022_20-10-05.jpg,Portuguese,1,"[(0, 405, 360, 204)]",Static/Meme/Portuguese/photo_27552@02-12-2022_20-10-05.jpg
photo_27595@04-12-2022_13-51-46.jpg,Portuguese,1,"[(176, 0, 485, 429)]",Static/Meme/Portuguese/photo_27595@04-12-2022_13-51-46.jpg
photo_27801@12-12-2022_11-01-49.jpg,Portuguese,1,"[(7, 10, 498, 281)]",Static/Meme/Portuguese/photo_27801@12-12-2022_11-01-49.jpg
photo_27817@13-12-2022_10-17-21.jpg,Portuguese,1,"[(54, 40, 994, 572)]",Static/Meme/Portuguese/photo_27817@13-12-2022_10-17-21.jpg
photo_27829@13-12-2022_22-07-01.jpg,Portuguese,1,"[(0, 453, 444, 827)]",Static/Meme/Portuguese/photo_27829@13-12-2022_22-07-01.jpg
photo_27921@19-12-2022_11-05-03.jpg,Portuguese,1,"[(118, 255, 254, 246)]",Static/Meme/Portuguese/photo_27921@19-12-2022_11-05-03.jpg
photo_27@06-01-2023_02-18-33.jpg,Portuguese,1,"[(29, 18, 130, 136)]",Static/Meme/Portuguese/photo_27@06-01-2023_02-18-33.jpg
photo_28026@22-12-2022_02-04-43.jpg,Portuguese,1,"[(550, 705, 112, 114)]",Static/Meme/Portuguese/photo_28026@22-12-2022_02-04-43.jpg
photo_28036@22-12-2022_13-29-28.jpg,Portuguese,1,"[(334, 157, 330, 300)]",Static/Meme/Portuguese/photo_28036@22-12-2022_13-29-28.jpg
photo_28038@22-12-2022_13-56-33.jpg,Portuguese,1,"[(352, 184, 356, 356)]",Static/Meme/Portuguese/photo_28038@22-12-2022_13-56-33.jpg
photo_28160@26-12-2022_09-01-26.jpg,Portuguese,1,"[(338, 38, 166, 147)]",Static/Meme/Portuguese/photo_28160@26-12-2022_09-01-26.jpg
photo_28163@26-12-2022_12-34-25.jpg,Portuguese,1,"[(79, 533, 807, 640)]",Static/Meme/Portuguese/photo_28163@26-12-2022_12-34-25.jpg
photo_28176@26-12-2022_20-11-49.jpg,Portuguese,1,"[(174, 51, 76, 83)]",Static/Meme/Portuguese/photo_28176@26-12-2022_20-11-49.jpg
photo_28179@26-12-2022_21-16-57.jpg,Portuguese,1,"[(68, 358, 564, 341)]",Static/Meme/Portuguese/photo_28179@26-12-2022_21-16-57.jpg
photo_28181@26-12-2022_23-21-14.jpg,Portuguese,1,"[(22, 212, 146, 151)]",Static/Meme/Portuguese/photo_28181@26-12-2022_23-21-14.jpg
photo_28184@27-12-2022_00-50-52.jpg,Portuguese,1,"[(0, 0, 914, 629)]",Static/Meme/Portuguese/photo_28184@27-12-2022_00-50-52.jpg
photo_28203@27-12-2022_21-53-47.jpg,Portuguese,1,"[(356, 339, 282, 261)]",Static/Meme/Portuguese/photo_28203@27-12-2022_21-53-47.jpg
photo_28204@27-12-2022_22-18-07.jpg,Portuguese,1,"[(212, 354, 216, 253)]",Static/Meme/Portuguese/photo_28204@27-12-2022_22-18-07.jpg
photo_2827@22-02-2020_22-02-53.jpg,Portuguese,1,"[(0, 168, 314, 346)]",Static/Meme/Portuguese/photo_2827@22-02-2020_22-02-53.jpg
photo_2915@28-02-2020_16-06-08.jpg,Portuguese,1,"[(596, 172, 182, 187)]",Static/Meme/Portuguese/photo_2915@28-02-2020_16-06-08.jpg
photo_2960@29-02-2020_15-04-13.jpg,Portuguese,1,"[(4, 69, 124, 119)]",Static/Meme/Portuguese/photo_2960@29-02-2020_15-04-13.jpg
photo_2995@12-03-2020_16-40-43.jpg,Portuguese,1,"[(322, 326, 296, 334)]",Static/Meme/Portuguese/photo_2995@12-03-2020_16-40-43.jpg
photo_3062@17-03-2020_22-09-04.jpg,Portuguese,1,"[(238, 254, 172, 169)]",Static/Meme/Portuguese/photo_3062@17-03-2020_22-09-04.jpg
photo_30@06-01-2023_02-18-33.jpg,Portuguese,1,"[(928, 214, 346, 500)]",Static/Meme/Portuguese/photo_30@06-01-2023_02-18-33.jpg
photo_3240@28-03-2020_14-04-43.jpg,Portuguese,1,"[(270, 39, 156, 159)]",Static/Meme/Portuguese/photo_3240@28-03-2020_14-04-43.jpg
photo_3285@30-03-2020_11-48-46.jpg,Portuguese,1,"[(214, 14, 254, 238)]",Static/Meme/Portuguese/photo_3285@30-03-2020_11-48-46.jpg
photo_32@06-01-2023_02-18-33.jpg,Portuguese,1,"[(240, 180, 244, 266)]",Static/Meme/Portuguese/photo_32@06-01-2023_02-18-33.jpg
photo_3435@08-04-2020_23-02-36.jpg,Portuguese,1,"[(354, 528, 96, 98)]",Static/Meme/Portuguese/photo_3435@08-04-2020_23-02-36.jpg
photo_3674@18-04-2020_21-57-31.jpg,Portuguese,1,"[(286, 167, 198, 217)]",Static/Meme/Portuguese/photo_3674@18-04-2020_21-57-31.jpg
photo_3904@29-04-2020_11-04-13.jpg,Portuguese,1,"[(16, 13, 108, 109)]",Static/Meme/Portuguese/photo_3904@29-04-2020_11-04-13.jpg
photo_3936@30-04-2020_01-11-51.jpg,Portuguese,1,"[(306, 226, 160, 114)]",Static/Meme/Portuguese/photo_3936@30-04-2020_01-11-51.jpg
photo_44@06-01-2023_02-26-09.jpg,Portuguese,1,"[(338, 0, 342, 680)]",Static/Meme/Portuguese/photo_44@06-01-2023_02-26-09.jpg
photo_4508@15-05-2020_10-42-01.jpg,Portuguese,1,"[(178, 89, 498, 332)]",Static/Meme/Portuguese/photo_4508@15-05-2020_10-42-01.jpg
photo_4643@20-05-2020_08-37-07.jpg,Portuguese,1,"[(412, 260, 140, 145)]",Static/Meme/Portuguese/photo_4643@20-05-2020_08-37-07.jpg
photo_5096@02-06-2020_11-09-10.jpg,Portuguese,1,"[(20, 22, 84, 87)]",Static/Meme/Portuguese/photo_5096@02-06-2020_11-09-10.jpg
photo_6075@21-08-2020_23-03-54.jpg,Portuguese,1,"[(452, 32, 134, 140)]",Static/Meme/Portuguese/photo_6075@21-08-2020_23-03-54.jpg
photo_6426@09-09-2020_11-29-25.jpg,Portuguese,1,"[(0, 292, 552, 167)]",Static/Meme/Portuguese/photo_6426@09-09-2020_11-29-25.jpg
photo_6501@11-09-2020_23-59-05.jpg,Portuguese,1,"[(524, 637, 120, 139)]",Static/Meme/Portuguese/photo_6501@11-09-2020_23-59-05.jpg
photo_671@03-10-2019_21-56-32.jpg,Portuguese,1,"[(8, 0, 198, 127)]",Static/Meme/Portuguese/photo_671@03-10-2019_21-56-32.jpg
photo_6957@10-10-2020_10-52-49.jpg,Portuguese,1,"[(20, 15, 122, 117)]",Static/Meme/Portuguese/photo_6957@10-10-2020_10-52-49.jpg
photo_6961@10-10-2020_10-52-49.jpg,Portuguese,1,"[(160, 45, 62, 60)]",Static/Meme/Portuguese/photo_6961@10-10-2020_10-52-49.jpg
photo_7142@18-10-2020_23-16-39.jpg,Portuguese,1,"[(2, 223, 716, 675)]",Static/Meme/Portuguese/photo_7142@18-10-2020_23-16-39.jpg
photo_7210@23-10-2020_16-59-24.jpg,Portuguese,1,"[(28, 0, 366, 343)]",Static/Meme/Portuguese/photo_7210@23-10-2020_16-59-24.jpg
photo_7266@26-10-2020_11-09-38.jpg,Portuguese,1,"[(348, 341, 330, 333)]",Static/Meme/Portuguese/photo_7266@26-10-2020_11-09-38.jpg
photo_7271@26-10-2020_12-40-20.jpg,Portuguese,1,"[(58, 434, 335, 334)]",Static/Meme/Portuguese/photo_7271@26-10-2020_12-40-20.jpg
photo_730@10-10-2019_22-05-55.jpg,Portuguese,1,"[(40, 4, 86, 86)]",Static/Meme/Portuguese/photo_730@10-10-2019_22-05-55.jpg
photo_7450@03-11-2020_14-55-21.jpg,Portuguese,1,"[(100, 32, 320, 318)]",Static/Meme/Portuguese/photo_7450@03-11-2020_14-55-21.jpg
photo_789@14-10-2019_21-34-37.jpg,Portuguese,1,"[(298, 342, 86, 105)]",Static/Meme/Portuguese/photo_789@14-10-2019_21-34-37.jpg
photo_8182@14-12-2020_22-16-08.jpg,Portuguese,1,"[(7, 46, 456, 465)]",Static/Meme/Portuguese/photo_8182@14-12-2020_22-16-08.jpg
photo_8584@04-01-2021_14-50-27.jpg,Portuguese,1,"[(196, 352, 84, 92)]",Static/Meme/Portuguese/photo_8584@04-01-2021_14-50-27.jpg
photo_8781@10-01-2021_20-01-01.jpg,Portuguese,1,"[(364, 225, 385, 415)]",Static/Meme/Portuguese/photo_8781@10-01-2021_20-01-01.jpg
photo_8904@16-01-2021_20-49-04.jpg,Portuguese,1,"[(342, 451, 172, 169)]",Static/Meme/Portuguese/photo_8904@16-01-2021_20-49-04.jpg
1252.jpeg,Portuguese,1,"[(274, 589, 222, 203)]",Static/Meme/Portuguese/1252.jpeg
1387.jpeg,Portuguese,1,"[(0, 212, 178, 180)]",Static/Meme/Portuguese/1387.jpeg
1541.jpeg,Portuguese,1,"[(436, 114, 314, 300)]",Static/Meme/Portuguese/1541.jpeg
1772.jpeg,Portuguese,1,"[(0, 501, 640, 299)]",Static/Meme/Portuguese/1772.jpeg
1966.jpeg,Portuguese,1,"[(64, 51, 188, 194)]",Static/Meme/Portuguese/1966.jpeg
1984.jpeg,Portuguese,1,"[(22, 495, 660, 391)]",Static/Meme/Portuguese/1984.jpeg
2028.jpeg,Portuguese,1,"[(0, 0, 425, 439)]",Static/Meme/Portuguese/2028.jpeg
215.jpeg,Portuguese,1,"[(0, 232, 345, 86)]",Static/Meme/Portuguese/215.jpeg
2182.jpeg,Portuguese,1,"[(0, 0, 434, 714)]",Static/Meme/Portuguese/2182.jpeg
219.jpeg,Portuguese,1,"[(368, 259, 382, 468)]",Static/Meme/Portuguese/219.jpeg
2193.jpeg,Portuguese,1,"[(24, 65, 160, 165)]",Static/Meme/Portuguese/2193.jpeg
2194.jpeg,Portuguese,1,"[(9, 456, 427, 249)]",Static/Meme/Portuguese/2194.jpeg
2200.jpeg,Portuguese,1,"[(443, 0, 262, 404)]",Static/Meme/Portuguese/2200.jpeg
222.jpeg,Portuguese,1,"[(0, 66, 413, 382)]",Static/Meme/Portuguese/222.jpeg
249.jpeg,Portuguese,1,"[(364, 399, 160, 151)]",Static/Meme/Portuguese/249.jpeg
2562.jpeg,Portuguese,1,"[(124, 399, 112, 141)]",Static/Meme/Portuguese/2562.jpeg
2596.jpeg,Portuguese,1,"[(24, 448, 688, 687)]",Static/Meme/Portuguese/2596.jpeg
263.jpeg,Portuguese,1,"[(8, 10, 228, 160)]",Static/Meme/Portuguese/263.jpeg
2632.jpeg,Portuguese,1,"[(76, 248, 242, 231)]",Static/Meme/Portuguese/2632.jpeg
2640.jpeg,Portuguese,1,"[(250, 114, 502, 227)]",Static/Meme/Portuguese/2640.jpeg
272.jpeg,Portuguese,1,"[(368, 464, 352, 286)]",Static/Meme/Portuguese/272.jpeg
274.jpeg,Portuguese,1,"[(154, 74, 249, 329)]",Static/Meme/Portuguese/274.jpeg
2854.jpeg,Portuguese,1,"[(164, 94, 214, 184)]",Static/Meme/Portuguese/2854.jpeg
2948.jpeg,Portuguese,1,"[(366, 105, 352, 376)]",Static/Meme/Portuguese/2948.jpeg
298.jpeg,Portuguese,1,"[(668, 416, 298, 293)]",Static/Meme/Portuguese/298.jpeg
3028.jpeg,Portuguese,1,"[(210, 155, 234, 239)]",Static/Meme/Portuguese/3028.jpeg
3041.jpeg,Portuguese,1,"[(145, 341, 244, 244)]",Static/Meme/Portuguese/3041.jpeg
3048.jpeg,Portuguese,1,"[(84, 146, 200, 250)]",Static/Meme/Portuguese/3048.jpeg
3051.jpeg,Portuguese,1,"[(8, 526, 700, 398)]",Static/Meme/Portuguese/3051.jpeg
3058.jpeg,Portuguese,1,"[(190, 10, 178, 227)]",Static/Meme/Portuguese/3058.jpeg
3123.jpeg,Portuguese,1,"[(360, 358, 360, 352)]",Static/Meme/Portuguese/3123.jpeg
3129.jpeg,Portuguese,1,"[(486, 46, 292, 333)]",Static/Meme/Portuguese/3129.jpeg
313.jpeg,Portuguese,1,"[(0, 0, 641, 317)]",Static/Meme/Portuguese/313.jpeg
3134.jpeg,Portuguese,1,"[(84, 90, 305, 306)]",Static/Meme/Portuguese/3134.jpeg
332.jpeg,Portuguese,1,"[(131, 71, 378, 378)]",Static/Meme/Portuguese/332.jpeg
392.jpeg,Portuguese,1,"[(317, 0, 235, 138)]",Static/Meme/Portuguese/392.jpeg
533.jpeg,Portuguese,1,"[(479, 470, 481, 364)]",Static/Meme/Portuguese/533.jpeg
855.jpeg,Portuguese,1,"[(26, 569, 262, 249)]",Static/Meme/Portuguese/855.jpeg
932.jpeg,Portuguese,1,"[(0, 93, 480, 257)]",Static/Meme/Portuguese/932.jpeg
991.jpeg,Portuguese,1,"[(0, 271, 861, 468)]",Static/Meme/Portuguese/991.jpeg
2339.png,Portuguese,2,"[(6, 156, 334, 379), (353, 155, 334, 380)]",Static/Meme/Portuguese/2339.png
2420.png,Portuguese,2,"[(32, 66, 199, 204), (258, 65, 199, 204)]",Static/Meme/Portuguese/2420.png
2436.png,Portuguese,2,"[(14, 192, 423, 464), (542, 191, 423, 464)]",Static/Meme/Portuguese/2436.png
3084.png,Portuguese,2,"[(265, 43, 255, 284), (0, 43, 261, 284)]",Static/Meme/Portuguese/3084.png
382.png,Portuguese,2,"[(221, 279, 138, 138), (43, 279, 138, 138)]",Static/Meme/Portuguese/382.png
383.png,Portuguese,2,"[(249, 95, 211, 228), (20, 95, 211, 228)]",Static/Meme/Portuguese/383.png
800t.png,Portuguese,2,"[(402, 158, 398, 368), (0, 158, 401, 368)]",Static/Meme/Portuguese/800t.png
967t.png,Portuguese,2,"[(72, 142, 245, 245), (469, 141, 246, 247)]",Static/Meme/Portuguese/967t.png
photo_10847@19-04-2021_12-45-22.jpg,Portuguese,2,"[(59, 740, 332, 345), (884, 722, 373, 351)]",Static/Meme/Portuguese/photo_10847@19-04-2021_12-45-22.jpg
photo_1893@29-11-2019_02-34-09.jpg,Portuguese,2,"[(298, 660, 370, 377), (292, 104, 412, 375)]",Static/Meme/Portuguese/photo_1893@29-11-2019_02-34-09.jpg
photo_190@06-01-2023_03-43-24.jpg,Portuguese,2,"[(77, 509, 219, 201), (394, 34, 190, 186)]",Static/Meme/Portuguese/photo_190@06-01-2023_03-43-24.jpg
photo_257@21-08-2019_09-31-39.jpg,Portuguese,2,"[(350, 146, 330, 387), (0, 145, 342, 388)]",Static/Meme/Portuguese/photo_257@21-08-2019_09-31-39.jpg
photo_2713@11-02-2020_09-45-48.jpg,Portuguese,2,"[(182, 207, 192, 183), (456, 185, 230, 211)]",Static/Meme/Portuguese/photo_2713@11-02-2020_09-45-48.jpg
photo_27508@01-12-2022_13-25-06.jpg,Portuguese,2,"[(296, 0, 170, 187), (50, 0, 236, 237)]",Static/Meme/Portuguese/photo_27508@01-12-2022_13-25-06.jpg
photo_27555@03-12-2022_00-05-24.jpg,Portuguese,2,"[(14, 37, 161, 139), (374, 36, 163, 141)]",Static/Meme/Portuguese/photo_27555@03-12-2022_00-05-24.jpg
photo_27703@08-12-2022_07-15-11.jpg,Portuguese,2,"[(540, 344, 218, 206), (440, 284, 158, 127)]",Static/Meme/Portuguese/photo_27703@08-12-2022_07-15-11.jpg
photo_27810@12-12-2022_22-06-25.jpg,Portuguese,2,"[(130, 55, 224, 379), (468, 53, 116, 192)]",Static/Meme/Portuguese/photo_27810@12-12-2022_22-06-25.jpg
photo_28@06-01-2023_02-18-33.jpg,Portuguese,2,"[(188, 28, 389, 275), (636, 2, 377, 278)]",Static/Meme/Portuguese/photo_28@06-01-2023_02-18-33.jpg
photo_3010@13-03-2020_18-30-18.jpg,Portuguese,2,"[(126, 319, 136, 141), (274, 29, 152, 151)]",Static/Meme/Portuguese/photo_3010@13-03-2020_18-30-18.jpg
photo_3691@19-04-2020_21-37-31.jpg,Portuguese,2,"[(388, 323, 70, 73), (162, 110, 118, 116)]",Static/Meme/Portuguese/photo_3691@19-04-2020_21-37-31.jpg
photo_3879@29-04-2020_01-40-36.jpg,Portuguese,2,"[(26, 189, 140, 131), (563, 180, 137, 135)]",Static/Meme/Portuguese/photo_3879@29-04-2020_01-40-36.jpg
photo_550@13-09-2019_11-44-49.jpg,Portuguese,2,"[(366, 367, 102, 110), (0, 60, 270, 419)]",Static/Meme/Portuguese/photo_550@13-09-2019_11-44-49.jpg
photo_64@06-01-2023_02-40-28.jpg,Portuguese,2,"[(374, 37, 162, 139), (12, 36, 163, 140)]",Static/Meme/Portuguese/photo_64@06-01-2023_02-40-28.jpg
photo_8608@05-01-2021_09-11-02.jpg,Portuguese,2,"[(0, 822, 488, 458), (2, 308, 488, 510)]",Static/Meme/Portuguese/photo_8608@05-01-2021_09-11-02.jpg
photo_8849@13-01-2021_20-02-20.jpg,Portuguese,2,"[(359, 232, 361, 250), (359, 0, 361, 227)]",Static/Meme/Portuguese/photo_8849@13-01-2021_20-02-20.jpg
1538.jpeg,Portuguese,2,"[(0, 78, 266, 254), (274, 77, 265, 254)]",Static/Meme/Portuguese/1538.jpeg
1758.jpeg,Portuguese,2,"[(28, 235, 384, 411), (478, 234, 384, 411)]",Static/Meme/Portuguese/1758.jpeg
990.jpeg,Portuguese,2,"[(360, 0, 358, 557), (0, 0, 358, 557)]",Static/Meme/Portuguese/990.jpeg
1770.png,Portuguese,3,"[(26, 237, 183, 178), (227, 236, 191, 177), (435, 232, 206, 179)]",Static/Meme/Portuguese/1770.png
2227.png,Portuguese,3,"[(216, 471, 234, 179), (214, 268, 234, 179), (213, 65, 234, 179)]",Static/Meme/Portuguese/2227.png
2301.png,Portuguese,3,"[(8, 522, 372, 265), (385, 262, 567, 525), (8, 262, 372, 255)]",Static/Meme/Portuguese/2301.png
631t.png,Portuguese,3,"[(173, 429, 156, 157), (12, 429, 158, 157), (12, 110, 476, 317)]",Static/Meme/Portuguese/631t.png
04a0b9f4192b2c2a6600cea8795b281e.jpg,Portuguese,3,"[(26, 288, 98, 61), (286, 266, 88, 63), (551, 184, 169, 152)]",Static/Meme/Portuguese/04a0b9f4192b2c2a6600cea8795b281e.jpg
photo_2022-02-06_13-09-04.jpg,Portuguese,3,"[(468, 829, 336, 342), (468, 474, 338, 340), (470, 131, 330, 333)]",Static/Meme/Portuguese/photo_2022-02-06_13-09-04.jpg
628.jpeg,Portuguese,3,"[(414, 149, 164, 298), (224, 148, 164, 298), (22, 148, 164, 298)]",Static/Meme/Portuguese/628.jpeg
614t.png,Portuguese,4,"[(67, 913, 518, 569), (610, 907, 561, 567), (56, 218, 498, 576), (607, 212, 593, 576)]",Static/Meme/Portuguese/614t.png
photo_170@11-08-2019_09-08-34.jpg,Portuguese,4,"[(0, 317, 238, 278), (242, 315, 238, 280), (244, 36, 236, 276), (0, 34, 240, 281)]",Static/Meme/Portuguese/photo_170@11-08-2019_09-08-34.jpg
photo_2781@15-02-2020_20-38-41.jpg,Portuguese,4,"[(300, 518, 100, 46), (58, 516, 96, 48), (284, 236, 84, 51), (44, 232, 96, 54)]",Static/Meme/Portuguese/photo_2781@15-02-2020_20-38-41.jpg
photo_3394@08-04-2020_00-07-47.jpg,Portuguese,4,"[(244, 316, 236, 235), (0, 316, 236, 235), (0, 73, 236, 239), (242, 72, 238, 240)]",Static/Meme/Portuguese/photo_3394@08-04-2020_00-07-47.jpg
photo_3805@24-04-2020_21-18-28.jpg,Portuguese,4,"[(6, 489, 100, 96), (5, 337, 105, 112), (9, 183, 108, 110), (5, 26, 111, 113)]",Static/Meme/Portuguese/photo_3805@24-04-2020_21-18-28.jpg
photo_4437@13-05-2020_08-54-51.jpg,Portuguese,4,"[(176, 574, 188, 106), (524, 572, 194, 107), (180, 210, 182, 104), (522, 199, 196, 110)]",Static/Meme/Portuguese/photo_4437@13-05-2020_08-54-51.jpg
photo_28025@22-12-2022_01-38-56.jpg,Portuguese,5,"[(308, 207, 108, 108), (475, 153, 49, 50), (188, 147, 49, 50), (272, 73, 50, 50), (382, 72, 50, 50)]",Static/Meme/Portuguese/photo_28025@22-12-2022_01-38-56.jpg
photo_3669@18-04-2020_18-51-15.jpg,Portuguese,5,"[(552, 319, 74, 82), (438, 316, 82, 87), (290, 315, 88, 92), (646, 313, 68, 74), (76, 166, 145, 165)]",Static/Meme/Portuguese/photo_3669@18-04-2020_18-51-15.jpg
1127.jpeg,Portuguese,5,"[(340, 658, 138, 129), (340, 514, 136, 130), (339, 377, 137, 125), (340, 232, 136, 135), (340, 82, 136, 137)]",Static/Meme/Portuguese/1127.jpeg
